11/28/2023 8:07,4015997,50
11/28/2023 8:07,4015999,43
11/28/2023 8:07,4016733,157
11/28/2023 8:07,4019077,0
11/28/2023 8:07,4019407,1
11/28/2023 8:08,4015997,30
11/28/2023 8:08,4015999,43
11/28/2023 8:08,4016733,157
11/28/2023 8:08,4019077,0
11/28/2023 8:08,4019407,1
11/28/2023 8:09,4015997,5
11/28/2023 8:09,4015999,45
11/28/2023 8:09,4016733,0
11/28/2023 8:09,4019077,0
11/28/2023 8:09,4019407,1
11/28/2023 8:10,4015997,11
11/28/2023 8:10,4015999,46
11/28/2023 8:10,4016733,0
11/28/2023 8:10,4019077,0
11/28/2023 8:10,4019407,1
11/28/2023 8:11,4015997,14
11/28/2023 8:11,4015999,46
11/28/2023 8:11,4016733,0
11/28/2023 8:11,4019077,0
11/28/2023 8:11,4019407,1
11/28/2023 8:12,4015997,14
11/28/2023 8:12,4015999,46
11/28/2023 8:12,4016733,29
11/28/2023 8:12,4019077,0
11/28/2023 8:12,4019407,1
11/28/2023 8:13,4015997,14
11/28/2023 8:13,4015999,46
11/28/2023 8:13,4016733,29
11/28/2023 8:13,4019077,0
11/28/2023 8:13,4019407,1
11/28/2023 8:14,4015997,14
11/28/2023 8:14,4015999,4
11/28/2023 8:14,4016733,29
11/28/2023 8:14,4019077,0
11/28/2023 8:14,4019407,0
11/28/2023 8:15,4015997,12
11/28/2023 8:15,4015999,4
11/28/2023 8:15,4016733,29
11/28/2023 8:15,4019077,0
11/28/2023 8:15,4019407,1
11/28/2023 8:16,4015997,0
11/28/2023 8:16,4015999,4
11/28/2023 8:16,4016733,29
11/28/2023 8:16,4019077,0
11/28/2023 8:16,4019407,0
11/28/2023 8:17,4015997,11
11/28/2023 8:17,4015999,4
11/28/2023 8:17,4016733,29
11/28/2023 8:17,4019077,1
11/28/2023 8:17,4019407,0
11/28/2023 8:18,4015997,24
11/28/2023 8:18,4015999,6
11/28/2023 8:18,4016733,107
11/28/2023 8:18,4019077,1
11/28/2023 8:18,4019407,0
11/28/2023 8:19,4015997,26
11/28/2023 8:19,4015999,5
11/28/2023 8:19,4016733,157
11/28/2023 8:19,4019077,1
11/28/2023 8:19,4019407,0
11/28/2023 8:20,4015997,26
11/28/2023 8:20,4015999,6
11/28/2023 8:20,4016733,171
11/28/2023 8:20,4019077,1
11/28/2023 8:20,4019407,0
11/28/2023 8:21,4015997,28
11/28/2023 8:21,4015999,4
11/28/2023 8:21,4016733,179
11/28/2023 8:21,4019077,1
11/28/2023 8:21,4019407,0
11/28/2023 8:23,4015997,33
11/28/2023 8:23,4015999,4
11/28/2023 8:23,4016733,179
11/28/2023 8:23,4019077,1
11/28/2023 8:23,4019407,0
11/28/2023 8:24,4015997,33
11/28/2023 8:24,4015999,7
11/28/2023 8:24,4016733,186
11/28/2023 8:24,4019077,1
11/28/2023 8:24,4019407,0
11/28/2023 8:25,4015997,34
11/28/2023 8:25,4015999,18
11/28/2023 8:25,4016733,186
11/28/2023 8:25,4019077,3
11/28/2023 8:25,4019407,0
11/28/2023 8:26,4015997,34
11/28/2023 8:26,4015999,21
11/28/2023 8:26,4016733,229
11/28/2023 8:26,4019077,3
11/28/2023 8:26,4019407,0
11/28/2023 8:27,4015997,34
11/28/2023 8:27,4015999,24
11/28/2023 8:27,4016733,229
11/28/2023 8:27,4019077,3
11/28/2023 8:27,4019407,0
11/28/2023 8:28,4015997,15
11/28/2023 8:28,4015999,23
11/28/2023 8:28,4016733,243
11/28/2023 8:28,4019077,3
11/28/2023 8:28,4019407,0
11/28/2023 8:29,4015997,0
11/28/2023 8:29,4015999,24
11/28/2023 8:29,4016733,79
11/28/2023 8:29,4019077,3
11/28/2023 8:29,4019407,0
11/28/2023 8:30,4015997,7
11/28/2023 8:30,4015999,21
11/28/2023 8:30,4016733,29
11/28/2023 8:30,4019077,0
11/28/2023 8:30,4019407,4
11/28/2023 8:31,4015997,7
11/28/2023 8:31,4015999,21
11/28/2023 8:31,4016733,29
11/28/2023 8:31,4019077,3
11/28/2023 8:31,4019407,6
11/28/2023 8:32,4015997,7
11/28/2023 8:32,4015999,6
11/28/2023 8:32,4016733,36
11/28/2023 8:32,4019077,9
11/28/2023 8:32,4019407,9
11/28/2023 8:33,4015997,1
11/28/2023 8:33,4015999,6
11/28/2023 8:33,4016733,36
11/28/2023 8:33,4019077,9
11/28/2023 8:33,4019407,9
11/28/2023 8:34,4015997,0
11/28/2023 8:34,4015999,7
11/28/2023 8:34,4016733,43
11/28/2023 8:34,4019077,9
11/28/2023 8:34,4019407,11
11/28/2023 8:35,4015997,19
11/28/2023 8:35,4015999,7
11/28/2023 8:35,4016733,43
11/28/2023 8:35,4019077,7
11/28/2023 8:35,4019407,11
11/28/2023 8:36,4015997,24
11/28/2023 8:36,4015999,9
11/28/2023 8:36,4016733,14
11/28/2023 8:36,4019077,7
11/28/2023 8:36,4019407,11
11/28/2023 8:37,4015997,24
11/28/2023 8:37,4015999,8
11/28/2023 8:37,4016733,14
11/28/2023 8:37,4019077,7
11/28/2023 8:37,4019407,0
11/28/2023 8:38,4015997,26
11/28/2023 8:38,4015999,7
11/28/2023 8:38,4016733,36
11/28/2023 8:38,4019077,7
11/28/2023 8:38,4019407,1
11/28/2023 8:39,4015997,26
11/28/2023 8:39,4015999,9
11/28/2023 8:39,4016733,36
11/28/2023 8:39,4019077,1
11/28/2023 8:39,4019407,0
11/28/2023 8:40,4015997,26
11/28/2023 8:40,4015999,8
11/28/2023 8:40,4016733,50
11/28/2023 8:40,4019077,4
11/28/2023 8:40,4019407,0
11/28/2023 8:41,4015997,29
11/28/2023 8:41,4015999,8
11/28/2023 8:41,4016733,50
11/28/2023 8:41,4019077,4
11/28/2023 8:41,4019407,0
11/28/2023 8:42,4015997,28
11/28/2023 8:42,4015999,10
11/28/2023 8:42,4016733,50
11/28/2023 8:42,4019077,4
11/28/2023 8:42,4019407,0
11/28/2023 8:43,4015997,29
11/28/2023 8:43,4015999,10
11/28/2023 8:43,4016733,50
11/28/2023 8:43,4019077,4
11/28/2023 8:43,4019407,1
11/28/2023 8:44,4015997,29
11/28/2023 8:44,4015999,13
11/28/2023 8:44,4016733,50
11/28/2023 8:44,4019077,4
11/28/2023 8:44,4019407,1
11/28/2023 8:45,4015997,29
11/28/2023 8:45,4015999,13
11/28/2023 8:45,4016733,50
11/28/2023 8:45,4019077,4
11/28/2023 8:45,4019407,0
11/28/2023 8:46,4015997,7
11/28/2023 8:46,4015999,12
11/28/2023 8:46,4016733,7
11/28/2023 8:46,4019077,1
11/28/2023 8:46,4019407,0
11/28/2023 8:47,4015997,7
11/28/2023 8:47,4015999,14
11/28/2023 8:47,4016733,7
11/28/2023 8:47,4019077,1
11/28/2023 8:47,4019407,0
11/28/2023 8:48,4015997,7
11/28/2023 8:48,4015999,14
11/28/2023 8:48,4016733,29
11/28/2023 8:48,4019077,1
11/28/2023 8:48,4019407,0
11/28/2023 8:49,4015997,7
11/28/2023 8:49,4015999,17
11/28/2023 8:49,4016733,29
11/28/2023 8:49,4019077,1
11/28/2023 8:49,4019407,0
11/28/2023 8:50,4015997,7
11/28/2023 8:50,4015999,18
11/28/2023 8:50,4016733,29
11/28/2023 8:50,4019077,1
11/28/2023 8:50,4019407,0
11/28/2023 8:51,4015997,7
11/28/2023 8:51,4015999,18
11/28/2023 8:51,4016733,29
11/28/2023 8:51,4019077,1
11/28/2023 8:51,4019407,0
11/28/2023 8:52,4015997,7
11/28/2023 8:52,4015999,8
11/28/2023 8:52,4016733,29
11/28/2023 8:52,4019077,4
11/28/2023 8:52,4019407,3
11/28/2023 8:53,4015997,3
11/28/2023 8:53,4015999,9
11/28/2023 8:53,4016733,29
11/28/2023 8:53,4019077,4
11/28/2023 8:53,4019407,7
11/28/2023 8:54,4015997,3
11/28/2023 8:54,4015999,10
11/28/2023 8:54,4016733,29
11/28/2023 8:54,4019077,4
11/28/2023 8:54,4019407,9
11/28/2023 8:55,4015997,10
11/28/2023 8:55,4015999,9
11/28/2023 8:55,4016733,7
11/28/2023 8:55,4019077,6
11/28/2023 8:55,4019407,10
11/28/2023 8:56,4015997,3
11/28/2023 8:56,4015999,10
11/28/2023 8:56,4016733,14
11/28/2023 8:56,4019077,6
11/28/2023 8:56,4019407,13
11/28/2023 8:57,4015997,3
11/28/2023 8:57,4015999,10
11/28/2023 8:57,4016733,50
11/28/2023 8:57,4019077,6
11/28/2023 8:57,4019407,0
11/28/2023 8:58,4015997,3
11/28/2023 8:58,4015999,11
11/28/2023 8:58,4016733,50
11/28/2023 8:58,4019077,6
11/28/2023 8:58,4019407,0
11/28/2023 8:59,4015997,9
11/28/2023 8:59,4015999,10
11/28/2023 8:59,4016733,57
11/28/2023 8:59,4019077,1
11/28/2023 8:59,4019407,0
11/28/2023 9:00,4015997,11
11/28/2023 9:00,4015999,10
11/28/2023 9:00,4016733,64
11/28/2023 9:00,4019077,1
11/28/2023 9:00,4019407,0
11/28/2023 9:01,4015997,12
11/28/2023 9:01,4015999,7
11/28/2023 9:01,4016733,71
11/28/2023 9:01,4019077,1
11/28/2023 9:01,4019407,0
11/28/2023 9:02,4015997,14
11/28/2023 9:02,4015999,11
11/28/2023 9:02,4016733,71
11/28/2023 9:02,4019077,1
11/28/2023 9:02,4019407,0
11/28/2023 9:03,4015997,14
11/28/2023 9:03,4015999,7
11/28/2023 9:03,4016733,14
11/28/2023 9:03,4019077,1
11/28/2023 9:03,4019407,0
11/28/2023 9:04,4015997,15
11/28/2023 9:04,4015999,8
11/28/2023 9:04,4016733,14
11/28/2023 9:04,4019077,1
11/28/2023 9:04,4019407,0
11/28/2023 9:05,4015997,15
11/28/2023 9:05,4015999,9
11/28/2023 9:05,4016733,14
11/28/2023 9:05,4019077,1
11/28/2023 9:05,4019407,0
11/28/2023 9:06,4015997,15
11/28/2023 9:06,4015999,10
11/28/2023 9:06,4016733,14
11/28/2023 9:06,4019077,0
11/28/2023 9:06,4019407,0
11/28/2023 9:07,4015997,3
11/28/2023 9:07,4015999,10
11/28/2023 9:07,4016733,14
11/28/2023 9:07,4019077,0
11/28/2023 9:07,4019407,0
11/28/2023 9:08,4015997,6
11/28/2023 9:08,4015999,11
11/28/2023 9:08,4016733,14
11/28/2023 9:08,4019077,0
11/28/2023 9:08,4019407,0
11/28/2023 9:09,4015997,9
11/28/2023 9:09,4015999,11
11/28/2023 9:09,4016733,14
11/28/2023 9:09,4019077,0
11/28/2023 9:09,4019407,0
11/28/2023 9:10,4015997,9
11/28/2023 9:10,4015999,11
11/28/2023 9:10,4016733,14
11/28/2023 9:10,4019077,1
11/28/2023 9:10,4019407,0
11/28/2023 9:11,4015997,9
11/28/2023 9:11,4015999,4
11/28/2023 9:11,4016733,7
11/28/2023 9:11,4019077,4
11/28/2023 9:11,4019407,0
11/28/2023 9:12,4015997,9
11/28/2023 9:12,4015999,3
11/28/2023 9:12,4016733,0
11/28/2023 9:12,4019077,7
11/28/2023 9:12,4019407,1
11/28/2023 9:13,4015997,9
11/28/2023 9:13,4015999,4
11/28/2023 9:13,4016733,0
11/28/2023 9:13,4019077,10
11/28/2023 9:13,4019407,4
11/28/2023 9:14,4015997,10
11/28/2023 9:14,4015999,4
11/28/2023 9:14,4016733,0
11/28/2023 9:14,4019077,10
11/28/2023 9:14,4019407,4
11/28/2023 9:15,4015997,9
11/28/2023 9:15,4015999,4
11/28/2023 9:15,4016733,0
11/28/2023 9:15,4019077,11
11/28/2023 9:15,4019407,4
11/28/2023 9:16,4015997,5
11/28/2023 9:16,4015999,4
11/28/2023 9:16,4016733,0
11/28/2023 9:16,4019077,11
11/28/2023 9:16,4019407,0
11/28/2023 9:17,4015997,5
11/28/2023 9:17,4015999,4
11/28/2023 9:17,4016733,0
11/28/2023 9:17,4019077,11
11/28/2023 9:17,4019407,1
11/28/2023 9:18,4015997,5
11/28/2023 9:18,4015999,4
11/28/2023 9:18,4016733,0
11/28/2023 9:18,4019077,11
11/28/2023 9:18,4019407,0
11/28/2023 9:19,4015997,5
11/28/2023 9:19,4015999,4
11/28/2023 9:19,4016733,36
11/28/2023 9:19,4019077,11
11/28/2023 9:19,4019407,0
11/28/2023 9:20,4015997,5
11/28/2023 9:20,4015999,4
11/28/2023 9:20,4016733,50
11/28/2023 9:20,4019077,4
11/28/2023 9:20,4019407,1
11/28/2023 9:21,4015997,6
11/28/2023 9:21,4015999,4
11/28/2023 9:21,4016733,57
11/28/2023 9:21,4019077,7
11/28/2023 9:21,4019407,0
11/28/2023 9:22,4015997,7
11/28/2023 9:22,4015999,2
11/28/2023 9:22,4016733,57
11/28/2023 9:22,4019077,10
11/28/2023 9:22,4019407,1
11/28/2023 9:23,4015997,7
11/28/2023 9:23,4015999,4
11/28/2023 9:23,4016733,64
11/28/2023 9:23,4019077,9
11/28/2023 9:23,4019407,0
11/28/2023 9:24,4015997,7
11/28/2023 9:24,4015999,6
11/28/2023 9:24,4016733,64
11/28/2023 9:24,4019077,9
11/28/2023 9:24,4019407,0
11/28/2023 9:25,4015997,7
11/28/2023 9:25,4015999,12
11/28/2023 9:25,4016733,64
11/28/2023 9:25,4019077,9
11/28/2023 9:25,4019407,0
11/28/2023 9:26,4015997,7
11/28/2023 9:26,4015999,12
11/28/2023 9:26,4016733,0
11/28/2023 9:26,4019077,7
11/28/2023 9:26,4019407,0
11/28/2023 9:27,4015997,7
11/28/2023 9:27,4015999,12
11/28/2023 9:27,4016733,0
11/28/2023 9:27,4019077,7
11/28/2023 9:27,4019407,0
11/28/2023 9:28,4015997,7
11/28/2023 9:28,4015999,12
11/28/2023 9:28,4016733,0
11/28/2023 9:28,4019077,0
11/28/2023 9:28,4019407,0
11/28/2023 9:29,4015997,14
11/28/2023 9:29,4015999,12
11/28/2023 9:29,4016733,0
11/28/2023 9:29,4019077,0
11/28/2023 9:29,4019407,0
11/28/2023 9:30,4015997,20
11/28/2023 9:30,4015999,4
11/28/2023 9:30,4016733,0
11/28/2023 9:30,4019077,1
11/28/2023 9:30,4019407,0
11/28/2023 9:31,4015997,20
11/28/2023 9:31,4015999,4
11/28/2023 9:31,4016733,0
11/28/2023 9:31,4019077,17
11/28/2023 9:31,4019407,3
11/28/2023 9:32,4015997,19
11/28/2023 9:32,4015999,4
11/28/2023 9:32,4016733,0
11/28/2023 9:32,4019077,19
11/28/2023 9:32,4019407,3
11/28/2023 9:33,4015997,19
11/28/2023 9:33,4015999,4
11/28/2023 9:33,4016733,0
11/28/2023 9:33,4019077,19
11/28/2023 9:33,4019407,3
11/28/2023 9:34,4015997,19
11/28/2023 9:34,4015999,4
11/28/2023 9:34,4016733,0
11/28/2023 9:34,4019077,20
11/28/2023 9:34,4019407,3
11/28/2023 9:35,4015997,16
11/28/2023 9:35,4015999,5
11/28/2023 9:35,4016733,0
11/28/2023 9:35,4019077,20
11/28/2023 9:35,4019407,3
11/28/2023 9:36,4015997,16
11/28/2023 9:36,4015999,5
11/28/2023 9:36,4016733,0
11/28/2023 9:36,4019077,20
11/28/2023 9:36,4019407,0
11/28/2023 9:37,4015997,4
11/28/2023 9:37,4015999,5
11/28/2023 9:37,4016733,43
11/28/2023 9:37,4019077,20
11/28/2023 9:37,4019407,0
11/28/2023 9:38,4015997,4
11/28/2023 9:38,4015999,5
11/28/2023 9:38,4016733,100
11/28/2023 9:38,4019077,20
11/28/2023 9:38,4019407,0
11/28/2023 9:39,4015997,4
11/28/2023 9:39,4015999,5
11/28/2023 9:39,4016733,136
11/28/2023 9:39,4019077,4
11/28/2023 9:39,4019407,0
11/28/2023 9:40,4015997,36
11/28/2023 9:40,4015999,1
11/28/2023 9:40,4016733,157
11/28/2023 9:40,4019077,11
11/28/2023 9:40,4019407,0
11/28/2023 9:41,4015997,44
11/28/2023 9:41,4015999,1
11/28/2023 9:41,4016733,157
11/28/2023 9:41,4019077,17
11/28/2023 9:41,4019407,0
11/28/2023 9:42,4015997,51
11/28/2023 9:42,4015999,1
11/28/2023 9:42,4016733,157
11/28/2023 9:42,4019077,17
11/28/2023 9:42,4019407,0
11/28/2023 9:43,4015997,51
11/28/2023 9:43,4015999,25
11/28/2023 9:43,4016733,171
11/28/2023 9:43,4019077,13
11/28/2023 9:43,4019407,0
11/28/2023 9:44,4015997,53
11/28/2023 9:44,4015999,39
11/28/2023 9:44,4016733,171
11/28/2023 9:44,4019077,13
11/28/2023 9:44,4019407,0
11/28/2023 9:45,4015997,55
11/28/2023 9:45,4015999,54
11/28/2023 9:45,4016733,14
11/28/2023 9:45,4019077,13
11/28/2023 9:45,4019407,0
11/28/2023 9:46,4015997,56
11/28/2023 9:46,4015999,55
11/28/2023 9:46,4016733,14
11/28/2023 9:46,4019077,11
11/28/2023 9:46,4019407,0
11/28/2023 9:47,4015997,56
11/28/2023 9:47,4015999,55
11/28/2023 9:47,4016733,36
11/28/2023 9:47,4019077,11
11/28/2023 9:47,4019407,0
11/28/2023 9:48,4015997,60
11/28/2023 9:48,4015999,58
11/28/2023 9:48,4016733,36
11/28/2023 9:48,4019077,0
11/28/2023 9:48,4019407,0
11/28/2023 9:49,4015997,60
11/28/2023 9:49,4015999,59
11/28/2023 9:49,4016733,36
11/28/2023 9:49,4019077,1
11/28/2023 9:49,4019407,1
11/28/2023 9:50,4015997,24
11/28/2023 9:50,4015999,61
11/28/2023 9:50,4016733,36
11/28/2023 9:50,4019077,7
11/28/2023 9:50,4019407,46
11/28/2023 9:51,4015997,6
11/28/2023 9:51,4015999,61
11/28/2023 9:51,4016733,36
11/28/2023 9:51,4019077,61
11/28/2023 9:51,4019407,47
11/28/2023 9:52,4015997,38
11/28/2023 9:52,4015999,61
11/28/2023 9:52,4016733,14
11/28/2023 9:52,4019077,80
11/28/2023 9:52,4019407,47
11/28/2023 9:53,4015997,51
11/28/2023 9:53,4015999,10
11/28/2023 9:53,4016733,14
11/28/2023 9:53,4019077,80
11/28/2023 9:53,4019407,50
11/28/2023 9:54,4015997,51
11/28/2023 9:54,4015999,23
11/28/2023 9:54,4016733,14
11/28/2023 9:54,4019077,83
11/28/2023 9:54,4019407,53
11/28/2023 9:55,4015997,50
11/28/2023 9:55,4015999,30
11/28/2023 9:55,4016733,14
11/28/2023 9:55,4019077,81
11/28/2023 9:55,4019407,53
11/28/2023 9:56,4015997,50
11/28/2023 9:56,4015999,45
11/28/2023 9:56,4016733,14
11/28/2023 9:56,4019077,86
11/28/2023 9:56,4019407,53
11/28/2023 9:57,4015997,50
11/28/2023 9:57,4015999,46
11/28/2023 9:57,4016733,14
11/28/2023 9:57,4019077,83
11/28/2023 9:57,4019407,19
11/28/2023 9:58,4015997,50
11/28/2023 9:58,4015999,46
11/28/2023 9:58,4016733,14
11/28/2023 9:58,4019077,81
11/28/2023 9:58,4019407,16
11/28/2023 9:59,4015997,42
11/28/2023 9:59,4015999,46
11/28/2023 9:59,4016733,14
11/28/2023 9:59,4019077,81
11/28/2023 9:59,4019407,16
11/28/2023 10:00,4015997,41
11/28/2023 10:00,4015999,46
11/28/2023 10:00,4016733,14
11/28/2023 10:00,4019077,81
11/28/2023 10:00,4019407,16
11/28/2023 10:01,4015997,0
11/28/2023 10:01,4015999,45
11/28/2023 10:01,4016733,14
11/28/2023 10:01,4019077,7
11/28/2023 10:01,4019407,16
11/28/2023 10:02,4015997,7
11/28/2023 10:02,4015999,45
11/28/2023 10:02,4016733,14
11/28/2023 10:02,4019077,37
11/28/2023 10:02,4019407,14
11/28/2023 10:03,4015997,21
11/28/2023 10:03,4015999,37
11/28/2023 10:03,4016733,14
11/28/2023 10:03,4019077,37
11/28/2023 10:03,4019407,14
11/28/2023 10:04,4015997,21
11/28/2023 10:04,4015999,17
11/28/2023 10:04,4016733,14
11/28/2023 10:04,4019077,37
11/28/2023 10:04,4019407,4
11/28/2023 10:05,4015997,20
11/28/2023 10:05,4015999,21
11/28/2023 10:05,4016733,14
11/28/2023 10:05,4019077,39
11/28/2023 10:05,4019407,4
11/28/2023 10:06,4015997,20
11/28/2023 10:06,4015999,23
11/28/2023 10:06,4016733,14
11/28/2023 10:06,4019077,39
11/28/2023 10:06,4019407,4
11/28/2023 10:07,4015997,19
11/28/2023 10:07,4015999,23
11/28/2023 10:07,4016733,14
11/28/2023 10:07,4019077,36
11/28/2023 10:07,4019407,4
11/28/2023 10:08,4015997,19
11/28/2023 10:08,4015999,22
11/28/2023 10:08,4016733,14
11/28/2023 10:08,4019077,19
11/28/2023 10:08,4019407,4
11/28/2023 10:09,4015997,19
11/28/2023 10:09,4015999,22
11/28/2023 10:09,4016733,14
11/28/2023 10:09,4019077,10
11/28/2023 10:09,4019407,6
11/28/2023 10:10,4015997,11
11/28/2023 10:10,4015999,12
11/28/2023 10:10,4016733,14
11/28/2023 10:10,4019077,20
11/28/2023 10:10,4019407,9
11/28/2023 10:11,4015997,12
11/28/2023 10:11,4015999,11
11/28/2023 10:11,4016733,14
11/28/2023 10:11,4019077,31
11/28/2023 10:11,4019407,9
11/28/2023 10:12,4015997,12
11/28/2023 10:12,4015999,13
11/28/2023 10:12,4016733,14
11/28/2023 10:12,4019077,31
11/28/2023 10:12,4019407,10
11/28/2023 10:13,4015997,12
11/28/2023 10:13,4015999,16
11/28/2023 10:13,4016733,21
11/28/2023 10:13,4019077,33
11/28/2023 10:13,4019407,10
11/28/2023 10:14,4015997,12
11/28/2023 10:14,4015999,17
11/28/2023 10:14,4016733,14
11/28/2023 10:14,4019077,34
11/28/2023 10:14,4019407,0
11/28/2023 10:15,4015997,12
11/28/2023 10:15,4015999,17
11/28/2023 10:15,4016733,14
11/28/2023 10:15,4019077,34
11/28/2023 10:15,4019407,0
11/28/2023 10:16,4015997,12
11/28/2023 10:16,4015999,17
11/28/2023 10:16,4016733,14
11/28/2023 10:16,4019077,31
11/28/2023 10:16,4019407,0
11/28/2023 10:17,4015997,0
11/28/2023 10:17,4015999,19
11/28/2023 10:17,4016733,14
11/28/2023 10:17,4019077,31
11/28/2023 10:17,4019407,0
11/28/2023 10:18,4015997,0
11/28/2023 10:18,4015999,19
11/28/2023 10:18,4016733,14
11/28/2023 10:18,4019077,31
11/28/2023 10:18,4019407,0
11/28/2023 10:19,4015997,7
11/28/2023 10:19,4015999,12
11/28/2023 10:19,4016733,14
11/28/2023 10:19,4019077,6
11/28/2023 10:19,4019407,0
11/28/2023 10:20,4015997,10
11/28/2023 10:20,4015999,12
11/28/2023 10:20,4016733,14
11/28/2023 10:20,4019077,10
11/28/2023 10:20,4019407,0
11/28/2023 10:21,4015997,11
11/28/2023 10:21,4015999,12
11/28/2023 10:21,4016733,14
11/28/2023 10:21,4019077,10
11/28/2023 10:21,4019407,0
11/28/2023 10:22,4015997,16
11/28/2023 10:22,4015999,13
11/28/2023 10:22,4016733,14
11/28/2023 10:22,4019077,10
11/28/2023 10:22,4019407,0
11/28/2023 10:23,4015997,16
11/28/2023 10:23,4015999,18
11/28/2023 10:23,4016733,14
11/28/2023 10:23,4019077,10
11/28/2023 10:23,4019407,0
11/28/2023 10:24,4015997,16
11/28/2023 10:24,4015999,20
11/28/2023 10:24,4016733,14
11/28/2023 10:24,4019077,10
11/28/2023 10:24,4019407,0
11/28/2023 10:25,4015997,16
11/28/2023 10:25,4015999,20
11/28/2023 10:25,4016733,14
11/28/2023 10:25,4019077,9
11/28/2023 10:25,4019407,3
11/28/2023 10:26,4015997,17
11/28/2023 10:26,4015999,20
11/28/2023 10:26,4016733,14
11/28/2023 10:26,4019077,4
11/28/2023 10:26,4019407,3
11/28/2023 10:28,4015997,17
11/28/2023 10:28,4015999,20
11/28/2023 10:28,4016733,21
11/28/2023 10:28,4019077,4
11/28/2023 10:28,4019407,7
11/28/2023 10:29,4015997,4
11/28/2023 10:29,4015999,20
11/28/2023 10:29,4016733,21
11/28/2023 10:29,4019077,4
11/28/2023 10:29,4019407,9
11/28/2023 10:30,4015997,5
11/28/2023 10:30,4015999,13
11/28/2023 10:30,4016733,21
11/28/2023 10:30,4019077,7
11/28/2023 10:30,4019407,11
11/28/2023 10:31,4015997,7
11/28/2023 10:31,4015999,13
11/28/2023 10:31,4016733,21
11/28/2023 10:31,4019077,7
11/28/2023 10:31,4019407,11
11/28/2023 10:32,4015997,7
11/28/2023 10:32,4015999,15
11/28/2023 10:32,4016733,14
11/28/2023 10:32,4019077,11
11/28/2023 10:32,4019407,13
11/28/2023 10:33,4015997,6
11/28/2023 10:33,4015999,15
11/28/2023 10:33,4016733,21
11/28/2023 10:33,4019077,13
11/28/2023 10:33,4019407,16
11/28/2023 10:34,4015997,6
11/28/2023 10:34,4015999,17
11/28/2023 10:34,4016733,14
11/28/2023 10:34,4019077,13
11/28/2023 10:34,4019407,16
11/28/2023 10:35,4015997,6
11/28/2023 10:35,4015999,18
11/28/2023 10:35,4016733,14
11/28/2023 10:35,4019077,13
11/28/2023 10:35,4019407,16
11/28/2023 10:36,4015997,5
11/28/2023 10:36,4015999,21
11/28/2023 10:36,4016733,21
11/28/2023 10:36,4019077,14
11/28/2023 10:36,4019407,16
11/28/2023 10:37,4015997,5
11/28/2023 10:37,4015999,21
11/28/2023 10:37,4016733,14
11/28/2023 10:37,4019077,14
11/28/2023 10:37,4019407,1
11/28/2023 10:38,4015997,4
11/28/2023 10:38,4015999,21
11/28/2023 10:38,4016733,7
11/28/2023 10:38,4019077,14
11/28/2023 10:38,4019407,1
11/28/2023 10:39,4015997,4
11/28/2023 10:39,4015999,21
11/28/2023 10:39,4016733,7
11/28/2023 10:39,4019077,14
11/28/2023 10:39,4019407,1
11/28/2023 10:40,4015997,4
11/28/2023 10:40,4015999,21
11/28/2023 10:40,4016733,14
11/28/2023 10:40,4019077,4
11/28/2023 10:40,4019407,0
11/28/2023 10:41,4015997,4
11/28/2023 10:41,4015999,21
11/28/2023 10:41,4016733,14
11/28/2023 10:41,4019077,9
11/28/2023 10:41,4019407,0
11/28/2023 10:42,4015997,4
11/28/2023 10:42,4015999,23
11/28/2023 10:42,4016733,21
11/28/2023 10:42,4019077,9
11/28/2023 10:42,4019407,0
11/28/2023 10:43,4015997,4
11/28/2023 10:43,4015999,15
11/28/2023 10:43,4016733,21
11/28/2023 10:43,4019077,9
11/28/2023 10:43,4019407,0
11/28/2023 10:44,4015997,4
11/28/2023 10:44,4015999,16
11/28/2023 10:44,4016733,14
11/28/2023 10:44,4019077,9
11/28/2023 10:44,4019407,0
11/28/2023 10:45,4015997,4
11/28/2023 10:45,4015999,17
11/28/2023 10:45,4016733,14
11/28/2023 10:45,4019077,9
11/28/2023 10:45,4019407,0
11/28/2023 10:46,4015997,4
11/28/2023 10:46,4015999,18
11/28/2023 10:46,4016733,14
11/28/2023 10:46,4019077,7
11/28/2023 10:46,4019407,0
11/28/2023 10:47,4015997,4
11/28/2023 10:47,4015999,18
11/28/2023 10:47,4016733,14
11/28/2023 10:47,4019077,7
11/28/2023 10:47,4019407,1
11/28/2023 10:48,4015997,4
11/28/2023 10:48,4015999,18
11/28/2023 10:48,4016733,7
11/28/2023 10:48,4019077,4
11/28/2023 10:48,4019407,3
11/28/2023 10:49,4015997,4
11/28/2023 10:49,4015999,18
11/28/2023 10:49,4016733,7
11/28/2023 10:49,4019077,4
11/28/2023 10:49,4019407,6
11/28/2023 10:50,4015997,4
11/28/2023 10:50,4015999,18
11/28/2023 10:50,4016733,7
11/28/2023 10:50,4019077,0
11/28/2023 10:50,4019407,7
11/28/2023 10:51,4015997,4
11/28/2023 10:51,4015999,18
11/28/2023 10:51,4016733,7
11/28/2023 10:51,4019077,9
11/28/2023 10:51,4019407,7
11/28/2023 10:52,4015997,4
11/28/2023 10:52,4015999,18
11/28/2023 10:52,4016733,29
11/28/2023 10:52,4019077,11
11/28/2023 10:52,4019407,9
11/28/2023 10:53,4015997,4
11/28/2023 10:53,4015999,11
11/28/2023 10:53,4016733,36
11/28/2023 10:53,4019077,11
11/28/2023 10:53,4019407,10
11/28/2023 10:54,4015997,11
11/28/2023 10:54,4015999,11
11/28/2023 10:54,4016733,36
11/28/2023 10:54,4019077,11
11/28/2023 10:54,4019407,10
11/28/2023 10:55,4015997,0
11/28/2023 10:55,4015999,12
11/28/2023 10:55,4016733,36
11/28/2023 10:55,4019077,11
11/28/2023 10:55,4019407,7
11/28/2023 10:56,4015997,0
11/28/2023 10:56,4015999,12
11/28/2023 10:56,4016733,36
11/28/2023 10:56,4019077,11
11/28/2023 10:56,4019407,1
11/28/2023 10:57,4015997,0
11/28/2023 10:57,4015999,12
11/28/2023 10:57,4016733,36
11/28/2023 10:57,4019077,11
11/28/2023 10:57,4019407,1
11/28/2023 10:58,4015997,0
11/28/2023 10:58,4015999,12
11/28/2023 10:58,4016733,7
11/28/2023 10:58,4019077,1
11/28/2023 10:58,4019407,1
11/28/2023 10:59,4015997,5
11/28/2023 10:59,4015999,12
11/28/2023 10:59,4016733,7
11/28/2023 10:59,4019077,7
11/28/2023 10:59,4019407,1
11/28/2023 11:00,4015997,9
11/28/2023 11:00,4015999,9
11/28/2023 11:00,4016733,7
11/28/2023 11:00,4019077,9
11/28/2023 11:00,4019407,1
11/28/2023 11:01,4015997,9
11/28/2023 11:01,4015999,12
11/28/2023 11:01,4016733,7
11/28/2023 11:01,4019077,9
11/28/2023 11:01,4019407,3
11/28/2023 11:02,4015997,9
11/28/2023 11:02,4015999,15
11/28/2023 11:02,4016733,7
11/28/2023 11:02,4019077,9
11/28/2023 11:02,4019407,1
11/28/2023 11:03,4015997,9
11/28/2023 11:03,4015999,20
11/28/2023 11:03,4016733,7
11/28/2023 11:03,4019077,7
11/28/2023 11:03,4019407,1
11/28/2023 11:04,4015997,10
11/28/2023 11:04,4015999,27
11/28/2023 11:04,4016733,7
11/28/2023 11:04,4019077,7
11/28/2023 11:04,4019407,0
11/28/2023 11:05,4015997,11
11/28/2023 11:05,4015999,29
11/28/2023 11:05,4016733,7
11/28/2023 11:05,4019077,7
11/28/2023 11:05,4019407,0
11/28/2023 11:06,4015997,11
11/28/2023 11:06,4015999,29
11/28/2023 11:06,4016733,7
11/28/2023 11:06,4019077,4
11/28/2023 11:06,4019407,0
11/28/2023 11:07,4015997,1
11/28/2023 11:07,4015999,34
11/28/2023 11:07,4016733,7
11/28/2023 11:07,4019077,0
11/28/2023 11:07,4019407,1
11/28/2023 11:08,4015997,3
11/28/2023 11:08,4015999,34
11/28/2023 11:08,4016733,7
11/28/2023 11:08,4019077,3
11/28/2023 11:08,4019407,0
11/28/2023 11:09,4015997,7
11/28/2023 11:09,4015999,34
11/28/2023 11:09,4016733,7
11/28/2023 11:09,4019077,14
11/28/2023 11:09,4019407,1
11/28/2023 11:10,4015997,15
11/28/2023 11:10,4015999,12
11/28/2023 11:10,4016733,7
11/28/2023 11:10,4019077,34
11/28/2023 11:10,4019407,3
11/28/2023 11:11,4015997,15
11/28/2023 11:11,4015999,14
11/28/2023 11:11,4016733,14
11/28/2023 11:11,4019077,36
11/28/2023 11:11,4019407,9
11/28/2023 11:12,4015997,14
11/28/2023 11:12,4015999,21
11/28/2023 11:12,4016733,79
11/28/2023 11:12,4019077,37
11/28/2023 11:12,4019407,11
11/28/2023 11:13,4015997,14
11/28/2023 11:13,4015999,23
11/28/2023 11:13,4016733,93
11/28/2023 11:13,4019077,40
11/28/2023 11:13,4019407,10
11/28/2023 11:14,4015997,14
11/28/2023 11:14,4015999,29
11/28/2023 11:14,4016733,93
11/28/2023 11:14,4019077,43
11/28/2023 11:14,4019407,11
11/28/2023 11:15,4015997,14
11/28/2023 11:15,4015999,29
11/28/2023 11:15,4016733,93
11/28/2023 11:15,4019077,43
11/28/2023 11:15,4019407,0
11/28/2023 11:16,4015997,6
11/28/2023 11:16,4015999,29
11/28/2023 11:16,4016733,93
11/28/2023 11:16,4019077,46
11/28/2023 11:16,4019407,0
11/28/2023 11:17,4015997,6
11/28/2023 11:17,4015999,29
11/28/2023 11:17,4016733,93
11/28/2023 11:17,4019077,44
11/28/2023 11:17,4019407,1
11/28/2023 11:18,4015997,25
11/28/2023 11:18,4015999,29
11/28/2023 11:18,4016733,93
11/28/2023 11:18,4019077,9
11/28/2023 11:18,4019407,1
11/28/2023 11:19,4015997,42
11/28/2023 11:19,4015999,12
11/28/2023 11:19,4016733,0
11/28/2023 11:19,4019077,10
11/28/2023 11:19,4019407,0
11/28/2023 11:20,4015997,51
11/28/2023 11:20,4015999,12
11/28/2023 11:20,4016733,0
11/28/2023 11:20,4019077,23
11/28/2023 11:20,4019407,0
11/28/2023 11:21,4015997,51
11/28/2023 11:21,4015999,32
11/28/2023 11:21,4016733,0
11/28/2023 11:21,4019077,30
11/28/2023 11:21,4019407,0
11/28/2023 11:22,4015997,53
11/28/2023 11:22,4015999,68
11/28/2023 11:22,4016733,43
11/28/2023 11:22,4019077,30
11/28/2023 11:22,4019407,0
11/28/2023 11:23,4015997,54
11/28/2023 11:23,4015999,83
11/28/2023 11:23,4016733,36
11/28/2023 11:23,4019077,30
11/28/2023 11:23,4019407,0
11/28/2023 11:24,4015997,55
11/28/2023 11:24,4015999,83
11/28/2023 11:24,4016733,36
11/28/2023 11:24,4019077,30
11/28/2023 11:24,4019407,0
11/28/2023 11:25,4015997,56
11/28/2023 11:25,4015999,88
11/28/2023 11:25,4016733,43
11/28/2023 11:25,4019077,29
11/28/2023 11:25,4019407,46
11/28/2023 11:26,4007848,15
11/28/2023 11:26,4015997,56
11/28/2023 11:26,4015999,86
11/28/2023 11:26,4016733,43
11/28/2023 11:26,4019077,29
11/28/2023 11:26,4019407,54
11/28/2023 11:27,4007848,15
11/28/2023 11:27,4015997,40
11/28/2023 11:27,4015999,87
11/28/2023 11:27,4016733,43
11/28/2023 11:27,4019077,19
11/28/2023 11:27,4019407,60
11/28/2023 11:28,4007848,15
11/28/2023 11:28,4015997,29
11/28/2023 11:28,4015999,84
11/28/2023 11:28,4016733,43
11/28/2023 11:28,4019077,1
11/28/2023 11:28,4019407,63
11/28/2023 11:29,4007848,1
11/28/2023 11:29,4015997,42
11/28/2023 11:29,4015999,85
11/28/2023 11:29,4016733,57
11/28/2023 11:29,4019077,46
11/28/2023 11:29,4019407,63
11/28/2023 11:30,4007848,6
11/28/2023 11:30,4015997,54
11/28/2023 11:30,4015999,12
11/28/2023 11:30,4016733,136
11/28/2023 11:30,4019077,79
11/28/2023 11:30,4019407,63
11/28/2023 11:31,4007848,0
11/28/2023 11:31,4015997,54
11/28/2023 11:31,4015999,15
11/28/2023 11:31,4016733,136
11/28/2023 11:31,4019077,79
11/28/2023 11:31,4019407,63
11/28/2023 11:32,4007848,13
11/28/2023 11:32,4015997,54
11/28/2023 11:32,4015999,29
11/28/2023 11:32,4016733,143
11/28/2023 11:32,4019077,79
11/28/2023 11:32,4019407,63
11/28/2023 11:33,4007848,0
11/28/2023 11:33,4015997,50
11/28/2023 11:33,4015999,38
11/28/2023 11:33,4016733,150
11/28/2023 11:33,4019077,79
11/28/2023 11:33,4019407,0
11/28/2023 11:34,4007848,19
11/28/2023 11:34,4015997,50
11/28/2023 11:34,4015999,44
11/28/2023 11:34,4016733,150
11/28/2023 11:34,4019077,79
11/28/2023 11:34,4019407,0
11/28/2023 11:35,4007848,20
11/28/2023 11:35,4015997,51
11/28/2023 11:35,4015999,47
11/28/2023 11:35,4016733,150
11/28/2023 11:35,4019077,79
11/28/2023 11:35,4019407,6
11/28/2023 11:36,4007848,26
11/28/2023 11:36,4015997,50
11/28/2023 11:36,4015999,47
11/28/2023 11:36,4016733,150
11/28/2023 11:36,4019077,79
11/28/2023 11:36,4019407,10
11/28/2023 11:37,4007848,28
11/28/2023 11:37,4015997,50
11/28/2023 11:37,4015999,46
11/28/2023 11:37,4016733,150
11/28/2023 11:37,4019077,37
11/28/2023 11:37,4019407,10
11/28/2023 11:38,4007848,34
11/28/2023 11:38,4015997,50
11/28/2023 11:38,4015999,46
11/28/2023 11:38,4016733,0
11/28/2023 11:38,4019077,7
11/28/2023 11:38,4019407,10
11/28/2023 11:39,4007848,36
11/28/2023 11:39,4015997,28
11/28/2023 11:39,4015999,46
11/28/2023 11:39,4016733,0
11/28/2023 11:39,4019077,16
11/28/2023 11:39,4019407,10
11/28/2023 11:40,4007848,22
11/28/2023 11:40,4015997,31
11/28/2023 11:40,4015999,3
11/28/2023 11:40,4016733,36
11/28/2023 11:40,4019077,16
11/28/2023 11:40,4019407,10
11/28/2023 11:41,4007848,21
11/28/2023 11:41,4015997,31
11/28/2023 11:41,4015999,6
11/28/2023 11:41,4016733,57
11/28/2023 11:41,4019077,14
11/28/2023 11:41,4019407,10
11/28/2023 11:42,4007848,35
11/28/2023 11:42,4015997,33
11/28/2023 11:42,4015999,11
11/28/2023 11:42,4016733,57
11/28/2023 11:42,4019077,14
11/28/2023 11:42,4019407,9
11/28/2023 11:43,4007848,30
11/28/2023 11:43,4015997,34
11/28/2023 11:43,4015999,12
11/28/2023 11:43,4016733,7
11/28/2023 11:43,4019077,14
11/28/2023 11:43,4019407,0
11/28/2023 11:44,4007848,0
11/28/2023 11:44,4015997,39
11/28/2023 11:44,4015999,14
11/28/2023 11:44,4016733,50
11/28/2023 11:44,4019077,14
11/28/2023 11:44,4019407,4
11/28/2023 11:45,4007848,0
11/28/2023 11:45,4015997,39
11/28/2023 11:45,4015999,14
11/28/2023 11:45,4016733,0
11/28/2023 11:45,4019077,16
11/28/2023 11:45,4019407,4
11/28/2023 11:46,4007848,4
11/28/2023 11:46,4015997,39
11/28/2023 11:46,4015999,14
11/28/2023 11:46,4016733,43
11/28/2023 11:46,4019077,0
11/28/2023 11:46,4019407,10
11/28/2023 11:47,4007848,9
11/28/2023 11:47,4015997,39
11/28/2023 11:47,4015999,15
11/28/2023 11:47,4016733,0
11/28/2023 11:47,4019077,0
11/28/2023 11:47,4019407,13
11/28/2023 11:48,4007848,4
11/28/2023 11:48,4015997,29
11/28/2023 11:48,4015999,15
11/28/2023 11:48,4016733,0
11/28/2023 11:48,4019077,1
11/28/2023 11:48,4019407,13
11/28/2023 11:49,4007848,4
11/28/2023 11:49,4015997,24
11/28/2023 11:49,4015999,15
11/28/2023 11:49,4016733,0
11/28/2023 11:49,4019077,3
11/28/2023 11:49,4019407,13
11/28/2023 11:50,4007848,9
11/28/2023 11:50,4015997,35
11/28/2023 11:50,4015999,3
11/28/2023 11:50,4016733,0
11/28/2023 11:50,4019077,6
11/28/2023 11:50,4019407,13
11/28/2023 11:51,4007848,16
11/28/2023 11:51,4015997,42
11/28/2023 11:51,4015999,3
11/28/2023 11:51,4016733,0
11/28/2023 11:51,4019077,10
11/28/2023 11:51,4019407,13
11/28/2023 11:52,4007848,8
11/28/2023 11:52,4015997,42
11/28/2023 11:52,4015999,4
11/28/2023 11:52,4016733,0
11/28/2023 11:52,4019077,10
11/28/2023 11:52,4019407,13
11/28/2023 11:53,4007848,15
11/28/2023 11:53,4015997,41
11/28/2023 11:53,4015999,10
11/28/2023 11:53,4016733,29
11/28/2023 11:53,4019077,13
11/28/2023 11:53,4019407,0
11/28/2023 11:54,4007848,2
11/28/2023 11:54,4015997,40
11/28/2023 11:54,4015999,14
11/28/2023 11:54,4016733,29
11/28/2023 11:54,4019077,13
11/28/2023 11:54,4019407,0
11/28/2023 11:55,4007848,0
11/28/2023 11:55,4015997,39
11/28/2023 11:55,4015999,14
11/28/2023 11:55,4016733,29
11/28/2023 11:55,4019077,13
11/28/2023 11:55,4019407,0
11/28/2023 11:56,4007848,3
11/28/2023 11:56,4015997,39
11/28/2023 11:56,4015999,14
11/28/2023 11:56,4016733,29
11/28/2023 11:56,4019077,13
11/28/2023 11:56,4019407,1
11/28/2023 11:57,4007848,2
11/28/2023 11:57,4015997,38
11/28/2023 11:57,4015999,14
11/28/2023 11:57,4016733,29
11/28/2023 11:57,4019077,13
11/28/2023 11:57,4019407,1
11/28/2023 11:58,4007848,2
11/28/2023 11:58,4015997,19
11/28/2023 11:58,4015999,13
11/28/2023 11:58,4016733,29
11/28/2023 11:58,4019077,13
11/28/2023 11:58,4019407,1
11/28/2023 11:59,4007848,4
11/28/2023 11:59,4015997,14
11/28/2023 11:59,4015999,13
11/28/2023 11:59,4016733,7
11/28/2023 11:59,4019077,13
11/28/2023 11:59,4019407,3
11/28/2023 12:00,4007848,5
11/28/2023 12:00,4015997,14
11/28/2023 12:00,4015999,11
11/28/2023 12:00,4016733,14
11/28/2023 12:00,4019077,19
11/28/2023 12:00,4019407,3
11/28/2023 12:01,4007848,5
11/28/2023 12:01,4015997,19
11/28/2023 12:01,4015999,5
11/28/2023 12:01,4016733,29
11/28/2023 12:01,4019077,19
11/28/2023 12:01,4019407,3
11/28/2023 12:02,4007848,4
11/28/2023 12:02,4015997,19
11/28/2023 12:02,4015999,7
11/28/2023 12:02,4016733,29
11/28/2023 12:02,4019077,19
11/28/2023 12:02,4019407,1
11/28/2023 12:03,4007848,0
11/28/2023 12:03,4015997,14
11/28/2023 12:03,4015999,9
11/28/2023 12:03,4016733,29
11/28/2023 12:03,4019077,19
11/28/2023 12:03,4019407,0
11/28/2023 12:04,4007848,4
11/28/2023 12:04,4015997,17
11/28/2023 12:04,4015999,10
11/28/2023 12:04,4016733,29
11/28/2023 12:04,4019077,16
11/28/2023 12:04,4019407,0
11/28/2023 12:05,4007848,5
11/28/2023 12:05,4015997,17
11/28/2023 12:05,4015999,9
11/28/2023 12:05,4016733,0
11/28/2023 12:05,4019077,14
11/28/2023 12:05,4019407,1
11/28/2023 12:06,4007848,7
11/28/2023 12:06,4015997,12
11/28/2023 12:06,4015999,10
11/28/2023 12:06,4016733,0
11/28/2023 12:06,4019077,14
11/28/2023 12:06,4019407,14
11/28/2023 12:07,4007848,8
11/28/2023 12:07,4015997,12
11/28/2023 12:07,4015999,11
11/28/2023 12:07,4016733,0
11/28/2023 12:07,4019077,6
11/28/2023 12:07,4019407,14
11/28/2023 12:08,4007848,6
11/28/2023 12:08,4015997,12
11/28/2023 12:08,4015999,6
11/28/2023 12:08,4016733,7
11/28/2023 12:08,4019077,1
11/28/2023 12:08,4019407,14
11/28/2023 12:09,4007848,7
11/28/2023 12:09,4015997,14
11/28/2023 12:09,4015999,6
11/28/2023 12:09,4016733,7
11/28/2023 12:09,4019077,6
11/28/2023 12:09,4019407,13
11/28/2023 12:10,4007848,7
11/28/2023 12:10,4015997,15
11/28/2023 12:10,4015999,8
11/28/2023 12:10,4016733,7
11/28/2023 12:10,4019077,9
11/28/2023 12:10,4019407,23
11/28/2023 12:11,4007848,6
11/28/2023 12:11,4015997,15
11/28/2023 12:11,4015999,11
11/28/2023 12:11,4016733,7
11/28/2023 12:11,4019077,13
11/28/2023 12:11,4019407,23
11/28/2023 12:12,4007848,6
11/28/2023 12:12,4015997,14
11/28/2023 12:12,4015999,12
11/28/2023 12:12,4016733,29
11/28/2023 12:12,4019077,16
11/28/2023 12:12,4019407,23
11/28/2023 12:13,4007848,7
11/28/2023 12:13,4015997,15
11/28/2023 12:13,4015999,12
11/28/2023 12:13,4016733,36
11/28/2023 12:13,4019077,16
11/28/2023 12:13,4019407,3
11/28/2023 12:14,4007848,4
11/28/2023 12:14,4015997,14
11/28/2023 12:14,4015999,12
11/28/2023 12:14,4016733,36
11/28/2023 12:14,4019077,17
11/28/2023 12:14,4019407,10
11/28/2023 12:15,4007848,8
11/28/2023 12:15,4015997,14
11/28/2023 12:15,4015999,10
11/28/2023 12:15,4016733,36
11/28/2023 12:15,4019077,17
11/28/2023 12:15,4019407,16
11/28/2023 12:16,4007848,12
11/28/2023 12:16,4015997,14
11/28/2023 12:16,4015999,10
11/28/2023 12:16,4016733,36
11/28/2023 12:16,4019077,17
11/28/2023 12:16,4019407,19
11/28/2023 12:17,4007848,11
11/28/2023 12:17,4015997,3
11/28/2023 12:17,4015999,2
11/28/2023 12:17,4016733,36
11/28/2023 12:17,4019077,17
11/28/2023 12:17,4019407,19
11/28/2023 12:18,4007848,11
11/28/2023 12:18,4015997,1
11/28/2023 12:18,4015999,2
11/28/2023 12:18,4016733,0
11/28/2023 12:18,4019077,1
11/28/2023 12:18,4019407,17
11/28/2023 12:19,4007848,13
11/28/2023 12:19,4015997,4
11/28/2023 12:19,4015999,2
11/28/2023 12:19,4016733,0
11/28/2023 12:19,4019077,4
11/28/2023 12:19,4019407,16
11/28/2023 12:20,4007848,12
11/28/2023 12:20,4015997,4
11/28/2023 12:20,4015999,6
11/28/2023 12:20,4016733,0
11/28/2023 12:20,4019077,9
11/28/2023 12:20,4019407,16
11/28/2023 12:21,4007848,12
11/28/2023 12:21,4015997,4
11/28/2023 12:21,4015999,10
11/28/2023 12:21,4016733,0
11/28/2023 12:21,4019077,9
11/28/2023 12:21,4019407,16
11/28/2023 12:22,4007848,13
11/28/2023 12:22,4015997,6
11/28/2023 12:22,4015999,12
11/28/2023 12:22,4016733,0
11/28/2023 12:22,4019077,9
11/28/2023 12:22,4019407,16
11/28/2023 12:23,4007848,4
11/28/2023 12:23,4015997,4
11/28/2023 12:23,4015999,12
11/28/2023 12:23,4016733,0
11/28/2023 12:23,4019077,9
11/28/2023 12:23,4019407,0
11/28/2023 12:24,4007848,4
11/28/2023 12:24,4015997,6
11/28/2023 12:24,4015999,13
11/28/2023 12:24,4016733,0
11/28/2023 12:24,4019077,9
11/28/2023 12:24,4019407,0
11/28/2023 12:25,4007848,5
11/28/2023 12:25,4015997,0
11/28/2023 12:25,4015999,13
11/28/2023 12:25,4016733,0
11/28/2023 12:25,4019077,9
11/28/2023 12:25,4019407,0
11/28/2023 12:26,4007848,4
11/28/2023 12:26,4015997,3
11/28/2023 12:26,4015999,13
11/28/2023 12:26,4016733,0
11/28/2023 12:26,4019077,9
11/28/2023 12:26,4019407,0
11/28/2023 12:27,4007848,5
11/28/2023 12:27,4015997,1
11/28/2023 12:27,4015999,13
11/28/2023 12:27,4016733,0
11/28/2023 12:27,4019077,0
11/28/2023 12:27,4019407,1
11/28/2023 12:28,4007848,4
11/28/2023 12:28,4015997,3
11/28/2023 12:28,4015999,4
11/28/2023 12:28,4016733,0
11/28/2023 12:28,4019077,4
11/28/2023 12:28,4019407,0
11/28/2023 12:29,4007848,4
11/28/2023 12:29,4015997,3
11/28/2023 12:29,4015999,4
11/28/2023 12:29,4016733,0
11/28/2023 12:29,4019077,9
11/28/2023 12:29,4019407,1
11/28/2023 12:30,4007848,3
11/28/2023 12:30,4015997,1
11/28/2023 12:30,4015999,5
11/28/2023 12:30,4016733,0
11/28/2023 12:30,4019077,10
11/28/2023 12:30,4019407,1
11/28/2023 12:32,4007848,0
11/28/2023 12:32,4015997,4
11/28/2023 12:32,4015999,6
11/28/2023 12:32,4016733,0
11/28/2023 12:32,4019077,10
11/28/2023 12:32,4019407,3
11/28/2023 12:33,4007848,3
11/28/2023 12:33,4015997,0
11/28/2023 12:33,4015999,10
11/28/2023 12:33,4016733,0
11/28/2023 12:33,4019077,13
11/28/2023 12:33,4019407,3
11/28/2023 12:34,4007848,7
11/28/2023 12:34,4015997,0
11/28/2023 12:34,4015999,11
11/28/2023 12:34,4016733,0
11/28/2023 12:34,4019077,13
11/28/2023 12:34,4019407,0
11/28/2023 12:35,4007848,9
11/28/2023 12:35,4015997,0
11/28/2023 12:35,4015999,11
11/28/2023 12:35,4016733,0
11/28/2023 12:35,4019077,13
11/28/2023 12:35,4019407,0
11/28/2023 12:36,4007848,11
11/28/2023 12:36,4015997,0
11/28/2023 12:36,4015999,11
11/28/2023 12:36,4016733,0
11/28/2023 12:36,4019077,13
11/28/2023 12:36,4019407,0
11/28/2023 12:37,4007848,11
11/28/2023 12:37,4015997,0
11/28/2023 12:37,4015999,10
11/28/2023 12:37,4016733,0
11/28/2023 12:37,4019077,13
11/28/2023 12:37,4019407,0
11/28/2023 12:38,4007848,12
11/28/2023 12:38,4015997,4
11/28/2023 12:38,4015999,8
11/28/2023 12:38,4016733,0
11/28/2023 12:38,4019077,1
11/28/2023 12:38,4019407,0
11/28/2023 12:39,4007848,12
11/28/2023 12:39,4015997,4
11/28/2023 12:39,4015999,8
11/28/2023 12:39,4016733,0
11/28/2023 12:39,4019077,10
11/28/2023 12:39,4019407,0
11/28/2023 12:40,4007848,12
11/28/2023 12:40,4015997,4
11/28/2023 12:40,4015999,10
11/28/2023 12:40,4016733,0
11/28/2023 12:40,4019077,13
11/28/2023 12:40,4019407,0
11/28/2023 12:41,4007848,12
11/28/2023 12:41,4015997,4
11/28/2023 12:41,4015999,15
11/28/2023 12:41,4016733,0
11/28/2023 12:41,4019077,16
11/28/2023 12:41,4019407,0
11/28/2023 12:42,4007848,14
11/28/2023 12:42,4015997,4
11/28/2023 12:42,4015999,15
11/28/2023 12:42,4016733,0
11/28/2023 12:42,4019077,16
11/28/2023 12:42,4019407,0
11/28/2023 12:43,4007848,12
11/28/2023 12:43,4015997,4
11/28/2023 12:43,4015999,15
11/28/2023 12:43,4016733,0
11/28/2023 12:43,4019077,13
11/28/2023 12:43,4019407,0
11/28/2023 12:44,4007848,2
11/28/2023 12:44,4015997,0
11/28/2023 12:44,4015999,21
11/28/2023 12:44,4016733,0
11/28/2023 12:44,4019077,13
11/28/2023 12:44,4019407,0
11/28/2023 12:45,4007848,4
11/28/2023 12:45,4015997,0
11/28/2023 12:45,4015999,24
11/28/2023 12:45,4016733,0
11/28/2023 12:45,4019077,13
11/28/2023 12:45,4019407,0
11/28/2023 12:46,4007848,2
11/28/2023 12:46,4015997,3
11/28/2023 12:46,4015999,27
11/28/2023 12:46,4019077,9
11/28/2023 12:46,4019407,0
11/28/2023 12:47,4007848,2
11/28/2023 12:47,4015997,10
11/28/2023 12:47,4015999,27
11/28/2023 12:47,4019077,9
11/28/2023 12:47,4019407,1
11/28/2023 12:48,4007848,3
11/28/2023 12:48,4015997,10
11/28/2023 12:48,4015999,26
11/28/2023 12:48,4019077,0
11/28/2023 12:48,4019407,1
11/28/2023 12:49,4007848,1
11/28/2023 12:49,4015997,10
11/28/2023 12:49,4015999,26
11/28/2023 12:49,4019077,1
11/28/2023 12:49,4019407,1
11/28/2023 12:50,4007848,0
11/28/2023 12:50,4015997,10
11/28/2023 12:50,4015999,10
11/28/2023 12:50,4019077,1
11/28/2023 12:50,4019407,10
11/28/2023 12:51,4007848,0
11/28/2023 12:51,4015997,10
11/28/2023 12:51,4015999,12
11/28/2023 12:51,4019077,19
11/28/2023 12:51,4019407,11
11/28/2023 12:52,4007848,0
11/28/2023 12:52,4015997,7
11/28/2023 12:52,4015999,13
11/28/2023 12:52,4019077,26
11/28/2023 12:52,4019407,11
11/28/2023 12:53,4007848,0
11/28/2023 12:53,4015997,4
11/28/2023 12:53,4015999,15
11/28/2023 12:53,4019077,44
11/28/2023 12:53,4019407,13
11/28/2023 12:54,4007848,0
11/28/2023 12:54,4015997,4
11/28/2023 12:54,4015999,15
11/28/2023 12:54,4019077,59
11/28/2023 12:54,4019407,13
11/28/2023 12:55,4007848,4
11/28/2023 12:55,4015997,4
11/28/2023 12:55,4015999,15
11/28/2023 12:55,4019077,59
11/28/2023 12:55,4019407,0
11/28/2023 12:56,4007848,12
11/28/2023 12:56,4015997,4
11/28/2023 12:56,4015999,15
11/28/2023 12:56,4019077,59
11/28/2023 12:56,4019407,0
11/28/2023 12:57,4007848,13
11/28/2023 12:57,4015997,14
11/28/2023 12:57,4015999,14
11/28/2023 12:57,4019077,57
11/28/2023 12:57,4019407,0
11/28/2023 12:58,4007848,13
11/28/2023 12:58,4015997,30
11/28/2023 12:58,4015999,14
11/28/2023 12:58,4019077,57
11/28/2023 12:58,4019407,1
11/28/2023 12:59,4007848,12
11/28/2023 12:59,4015997,54
11/28/2023 12:59,4015999,4
11/28/2023 12:59,4019077,59
11/28/2023 12:59,4019407,1
11/28/2023 13:00,4007848,12
11/28/2023 13:00,4015997,56
11/28/2023 13:00,4015999,4
11/28/2023 13:00,4019077,57
11/28/2023 13:00,4019407,0
11/28/2023 13:01,4007848,12
11/28/2023 13:01,4015997,55
11/28/2023 13:01,4015999,29
11/28/2023 13:01,4019077,21
11/28/2023 13:01,4019407,0
11/28/2023 13:02,4007848,0
11/28/2023 13:02,4015997,55
11/28/2023 13:02,4015999,46
11/28/2023 13:02,4019077,24
11/28/2023 13:02,4019407,0
11/28/2023 13:03,4007848,15
11/28/2023 13:03,4015997,55
11/28/2023 13:03,4015999,66
11/28/2023 13:03,4019077,23
11/28/2023 13:03,4019407,0
11/28/2023 13:04,4007848,21
11/28/2023 13:04,4015997,55
11/28/2023 13:04,4015999,73
11/28/2023 13:04,4019077,23
11/28/2023 13:04,4019407,0
11/28/2023 13:05,4007848,29
11/28/2023 13:05,4015997,55
11/28/2023 13:05,4015999,73
11/28/2023 13:05,4019077,21
11/28/2023 13:05,4019407,1
11/28/2023 13:06,4007848,29
11/28/2023 13:06,4015997,3
11/28/2023 13:06,4015999,72
11/28/2023 13:06,4019077,23
11/28/2023 13:06,4019407,0
11/28/2023 13:07,4007848,26
11/28/2023 13:07,4015997,24
11/28/2023 13:07,4015999,73
11/28/2023 13:07,4019077,21
11/28/2023 13:07,4019407,20
11/28/2023 13:08,4007848,27
11/28/2023 13:08,4015997,46
11/28/2023 13:08,4015999,73
11/28/2023 13:08,4019077,0
11/28/2023 13:08,4019407,57
11/28/2023 13:09,4007848,25
11/28/2023 13:09,4015997,54
11/28/2023 13:09,4015999,75
11/28/2023 13:09,4019077,24
11/28/2023 13:09,4019407,70
11/28/2023 13:10,4007848,25
11/28/2023 13:10,4015997,53
11/28/2023 13:10,4015999,79
11/28/2023 13:10,4019077,26
11/28/2023 13:10,4019407,76
11/28/2023 13:11,4007848,2
11/28/2023 13:11,4015997,53
11/28/2023 13:11,4015999,78
11/28/2023 13:11,4019077,30
11/28/2023 13:11,4019407,74
11/28/2023 13:12,4007848,9
11/28/2023 13:12,4015997,51
11/28/2023 13:12,4015999,51
11/28/2023 13:12,4019077,31
11/28/2023 13:12,4019407,74
11/28/2023 13:13,4007848,16
11/28/2023 13:13,4015997,51
11/28/2023 13:13,4015999,26
11/28/2023 13:13,4019077,33
11/28/2023 13:13,4019407,76
11/28/2023 13:14,4007848,19
11/28/2023 13:14,4015997,42
11/28/2023 13:14,4015999,73
11/28/2023 13:14,4019077,34
11/28/2023 13:14,4019407,76
11/28/2023 13:15,4007848,23
11/28/2023 13:15,4015997,30
11/28/2023 13:15,4015999,73
11/28/2023 13:15,4019077,34
11/28/2023 13:15,4019407,74
11/28/2023 13:16,4007848,22
11/28/2023 13:16,4015997,0
11/28/2023 13:16,4015999,75
11/28/2023 13:16,4019077,34
11/28/2023 13:16,4019407,6
11/28/2023 13:17,4007848,21
11/28/2023 13:17,4015997,3
11/28/2023 13:17,4015999,74
11/28/2023 13:17,4019077,34
11/28/2023 13:17,4019407,29
11/28/2023 13:18,4007848,21
11/28/2023 13:18,4015997,10
11/28/2023 13:18,4015999,73
11/28/2023 13:18,4019077,36
11/28/2023 13:18,4019407,33
11/28/2023 13:19,4007848,22
11/28/2023 13:19,4015997,14
11/28/2023 13:19,4015999,73
11/28/2023 13:19,4019077,1
11/28/2023 13:19,4019407,33
11/28/2023 13:20,4007848,21
11/28/2023 13:20,4015997,11
11/28/2023 13:20,4015999,70
11/28/2023 13:20,4019077,23
11/28/2023 13:20,4019407,31
11/28/2023 13:21,4007848,21
11/28/2023 13:21,4015997,15
11/28/2023 13:21,4015999,66
11/28/2023 13:21,4019077,29
11/28/2023 13:21,4019407,30
11/28/2023 13:22,4007848,5
11/28/2023 13:22,4015997,10
11/28/2023 13:22,4015999,63
11/28/2023 13:22,4019077,30
11/28/2023 13:22,4019407,29
11/28/2023 13:23,4007848,12
11/28/2023 13:23,4015997,14
11/28/2023 13:23,4015999,1
11/28/2023 13:23,4019077,29
11/28/2023 13:23,4019407,30
11/28/2023 13:24,4007848,18
11/28/2023 13:24,4015997,9
11/28/2023 13:24,4015999,1
11/28/2023 13:24,4019077,29
11/28/2023 13:24,4019407,29
11/28/2023 13:25,4007848,18
11/28/2023 13:25,4015997,14
11/28/2023 13:25,4015999,10
11/28/2023 13:25,4019077,29
11/28/2023 13:25,4019407,3
11/28/2023 13:26,4007848,17
11/28/2023 13:26,4015997,17
11/28/2023 13:26,4015999,16
11/28/2023 13:26,4019077,29
11/28/2023 13:26,4019407,3
11/28/2023 13:27,4007848,18
11/28/2023 13:27,4015997,26
11/28/2023 13:27,4015999,15
11/28/2023 13:27,4019077,0
11/28/2023 13:27,4019407,4
11/28/2023 13:28,4007848,18
11/28/2023 13:28,4015997,36
11/28/2023 13:28,4015999,13
11/28/2023 13:28,4019077,0
11/28/2023 13:28,4019407,7
11/28/2023 13:29,4007848,18
11/28/2023 13:29,4015997,36
11/28/2023 13:29,4015999,14
11/28/2023 13:29,4019077,4
11/28/2023 13:29,4019407,6
11/28/2023 13:30,4007848,17
11/28/2023 13:30,4015997,36
11/28/2023 13:30,4015999,15
11/28/2023 13:30,4019077,9
11/28/2023 13:30,4019407,9
11/28/2023 13:31,4007848,17
11/28/2023 13:31,4015997,36
11/28/2023 13:31,4015999,15
11/28/2023 13:31,4019077,13
11/28/2023 13:31,4019407,7
11/28/2023 13:32,4007848,2
11/28/2023 13:32,4015997,30
11/28/2023 13:32,4015999,15
11/28/2023 13:32,4019077,14
11/28/2023 13:32,4019407,7
11/28/2023 13:33,4007848,4
11/28/2023 13:33,4015997,35
11/28/2023 13:33,4015999,19
11/28/2023 13:33,4019077,14
11/28/2023 13:33,4019407,11
11/28/2023 13:34,4007848,5
11/28/2023 13:34,4015997,5
11/28/2023 13:34,4015999,22
11/28/2023 13:34,4019077,14
11/28/2023 13:34,4019407,13
11/28/2023 13:35,4007848,5
11/28/2023 13:35,4015997,4
11/28/2023 13:35,4015999,28
11/28/2023 13:35,4019077,16
11/28/2023 13:35,4019407,11
11/28/2023 13:36,4007848,6
11/28/2023 13:36,4015997,10
11/28/2023 13:36,4015999,28
11/28/2023 13:36,4019077,16
11/28/2023 13:36,4019407,11
11/28/2023 13:37,4007848,5
11/28/2023 13:37,4015997,12
11/28/2023 13:37,4015999,28
11/28/2023 13:37,4019077,1
11/28/2023 13:37,4019407,14
11/28/2023 13:38,4007848,5
11/28/2023 13:38,4015997,15
11/28/2023 13:38,4015999,28
11/28/2023 13:38,4019077,1
11/28/2023 13:38,4019407,27
11/28/2023 13:39,4007848,6
11/28/2023 13:39,4015997,15
11/28/2023 13:39,4015999,28
11/28/2023 13:39,4019077,10
11/28/2023 13:39,4019407,26
11/28/2023 13:40,4007848,0
11/28/2023 13:40,4015997,15
11/28/2023 13:40,4015999,27
11/28/2023 13:40,4019077,14
11/28/2023 13:40,4019407,27
11/28/2023 13:41,4007848,5
11/28/2023 13:41,4015997,10
11/28/2023 13:41,4015999,27
11/28/2023 13:41,4019077,14
11/28/2023 13:41,4019407,26
11/28/2023 13:42,4007848,11
11/28/2023 13:42,4015997,16
11/28/2023 13:42,4015999,2
11/28/2023 13:42,4019077,14
11/28/2023 13:42,4019407,26
11/28/2023 13:43,4007848,12
11/28/2023 13:43,4015997,16
11/28/2023 13:43,4015999,2
11/28/2023 13:43,4019077,13
11/28/2023 13:43,4019407,27
11/28/2023 13:44,4007848,12
11/28/2023 13:44,4015997,17
11/28/2023 13:44,4015999,2
11/28/2023 13:44,4019077,13
11/28/2023 13:44,4019407,27
11/28/2023 13:45,4007848,12
11/28/2023 13:45,4015997,19
11/28/2023 13:45,4015999,2
11/28/2023 13:45,4019077,13
11/28/2023 13:45,4019407,11
11/28/2023 13:46,4007848,11
11/28/2023 13:46,4015997,20
11/28/2023 13:46,4015999,2
11/28/2023 13:46,4019077,1
11/28/2023 13:46,4019407,14
11/28/2023 13:47,4007848,10
11/28/2023 13:47,4015997,20
11/28/2023 13:47,4015999,2
11/28/2023 13:47,4019077,1
11/28/2023 13:47,4019407,19
11/28/2023 13:48,4007848,6
11/28/2023 13:48,4015997,20
11/28/2023 13:48,4015999,2
11/28/2023 13:48,4019077,1
11/28/2023 13:48,4019407,19
11/28/2023 13:49,4007848,5
11/28/2023 13:49,4015997,20
11/28/2023 13:49,4015999,2
11/28/2023 13:49,4019077,4
11/28/2023 13:49,4019407,17
11/28/2023 13:50,4007848,0
11/28/2023 13:50,4015997,20
11/28/2023 13:50,4015999,13
11/28/2023 13:50,4019077,6
11/28/2023 13:50,4019407,19
11/28/2023 13:51,4007848,0
11/28/2023 13:51,4015997,11
11/28/2023 13:51,4015999,15
11/28/2023 13:51,4019077,7
11/28/2023 13:51,4019407,19
11/28/2023 13:52,4007848,0
11/28/2023 13:52,4015997,11
11/28/2023 13:52,4015999,15
11/28/2023 13:52,4019077,7
11/28/2023 13:52,4019407,19
11/28/2023 13:53,4007848,0
11/28/2023 13:53,4015997,4
11/28/2023 13:53,4015999,16
11/28/2023 13:53,4019077,7
11/28/2023 13:53,4019407,21
11/28/2023 13:54,4007848,0
11/28/2023 13:54,4015997,11
11/28/2023 13:54,4015999,17
11/28/2023 13:54,4019077,7
11/28/2023 13:54,4019407,26
11/28/2023 13:55,4007848,0
11/28/2023 13:55,4015997,11
11/28/2023 13:55,4015999,17
11/28/2023 13:55,4019077,7
11/28/2023 13:55,4019407,27
11/28/2023 13:56,4007848,0
11/28/2023 13:56,4015997,19
11/28/2023 13:56,4015999,17
11/28/2023 13:56,4019077,7
11/28/2023 13:56,4019407,16
11/28/2023 13:57,4007848,0
11/28/2023 13:57,4015997,11
11/28/2023 13:57,4015999,17
11/28/2023 13:57,4019077,1
11/28/2023 13:57,4019407,21
11/28/2023 13:58,4015997,11
11/28/2023 13:58,4015999,16
11/28/2023 13:58,4019077,1
11/28/2023 13:58,4019407,20
11/28/2023 13:59,4015997,11
11/28/2023 13:59,4015999,16
11/28/2023 13:59,4019077,10
11/28/2023 13:59,4019407,20
11/28/2023 14:00,4015997,19
11/28/2023 14:00,4015999,1
11/28/2023 14:00,4019077,20
11/28/2023 14:00,4019407,20
11/28/2023 14:01,4015997,21
11/28/2023 14:01,4015999,1
11/28/2023 14:01,4019077,21
11/28/2023 14:01,4019407,19
11/28/2023 14:02,4015997,23
11/28/2023 14:02,4015999,1
11/28/2023 14:02,4019077,21
11/28/2023 14:02,4019407,20
11/28/2023 14:03,4015997,24
11/28/2023 14:03,4015999,3
11/28/2023 14:03,4019077,20
11/28/2023 14:03,4019407,19
11/28/2023 14:04,4015997,24
11/28/2023 14:04,4015999,4
11/28/2023 14:04,4019077,17
11/28/2023 14:04,4019407,10
11/28/2023 14:05,4015997,14
11/28/2023 14:05,4015999,4
11/28/2023 14:05,4019077,17
11/28/2023 14:05,4019407,14
11/28/2023 14:06,4015997,33
11/28/2023 14:06,4015999,6
11/28/2023 14:06,4019077,17
11/28/2023 14:06,4019407,17
11/28/2023 14:07,4015997,33
11/28/2023 14:07,4015999,6
11/28/2023 14:07,4019077,0
11/28/2023 14:07,4019407,14
11/28/2023 14:08,4015997,31
11/28/2023 14:08,4015999,6
11/28/2023 14:08,4019077,0
11/28/2023 14:08,4019407,14
11/28/2023 14:09,4015997,31
11/28/2023 14:09,4015999,7
11/28/2023 14:09,4019077,0
11/28/2023 14:09,4019407,14
11/28/2023 14:10,4015997,31
11/28/2023 14:10,4015999,6
11/28/2023 14:10,4019077,7
11/28/2023 14:10,4019407,14
11/28/2023 14:11,4015997,33
11/28/2023 14:11,4015999,12
11/28/2023 14:11,4019077,9
11/28/2023 14:11,4019407,14
11/28/2023 14:12,4015997,15
11/28/2023 14:12,4015999,14
11/28/2023 14:12,4019077,10
11/28/2023 14:12,4019407,14
11/28/2023 14:13,4015997,15
11/28/2023 14:13,4015999,15
11/28/2023 14:13,4019077,10
11/28/2023 14:13,4019407,14
11/28/2023 14:14,4015997,15
11/28/2023 14:14,4015999,25
11/28/2023 14:14,4019077,10
11/28/2023 14:14,4019407,14
11/28/2023 14:15,4015997,9
11/28/2023 14:15,4015999,24
11/28/2023 14:15,4019077,10
11/28/2023 14:15,4019407,9
11/28/2023 14:16,4015997,10
11/28/2023 14:16,4015999,21
11/28/2023 14:16,4019077,17
11/28/2023 14:16,4019407,10
11/28/2023 14:17,4015997,10
11/28/2023 14:17,4015999,21
11/28/2023 14:17,4019077,17
11/28/2023 14:17,4019407,16
11/28/2023 14:18,4015997,9
11/28/2023 14:18,4015999,21
11/28/2023 14:18,4019077,19
11/28/2023 14:18,4019407,16
11/28/2023 14:19,4015997,12
11/28/2023 14:19,4015999,21
11/28/2023 14:19,4019077,19
11/28/2023 14:19,4019407,16
11/28/2023 14:20,4015997,11
11/28/2023 14:20,4015999,21
11/28/2023 14:20,4019077,19
11/28/2023 14:20,4019407,16
11/28/2023 14:21,4015997,12
11/28/2023 14:21,4015999,22
11/28/2023 14:21,4019077,19
11/28/2023 14:21,4019407,14
11/28/2023 14:22,4015997,12
11/28/2023 14:22,4015999,6
11/28/2023 14:22,4019077,17
11/28/2023 14:22,4019407,14
11/28/2023 14:23,4015997,11
11/28/2023 14:23,4015999,6
11/28/2023 14:23,4019077,23
11/28/2023 14:23,4019407,14
11/28/2023 14:24,4015997,7
11/28/2023 14:24,4015999,7
11/28/2023 14:24,4019077,23
11/28/2023 14:24,4019407,7
11/28/2023 14:25,4015997,19
11/28/2023 14:25,4015999,9
11/28/2023 14:25,4019077,23
11/28/2023 14:25,4019407,6
11/28/2023 14:26,4015997,19
11/28/2023 14:26,4015999,10
11/28/2023 14:26,4019077,23
11/28/2023 14:26,4019407,4
11/28/2023 14:27,4015997,19
11/28/2023 14:27,4015999,11
11/28/2023 14:27,4019077,23
11/28/2023 14:27,4019407,3
11/28/2023 14:28,4015997,19
11/28/2023 14:28,4015999,12
11/28/2023 14:28,4019077,23
11/28/2023 14:28,4019407,7
11/28/2023 14:29,4015997,19
11/28/2023 14:29,4015999,13
11/28/2023 14:29,4019077,23
11/28/2023 14:29,4019407,10
11/28/2023 14:30,4015997,17
11/28/2023 14:30,4015999,13
11/28/2023 14:30,4019077,23
11/28/2023 14:30,4019407,10
11/28/2023 14:31,4015997,17
11/28/2023 14:31,4015999,14
11/28/2023 14:31,4019077,6
11/28/2023 14:31,4019407,10
11/28/2023 14:32,4015997,11
11/28/2023 14:32,4015999,14
11/28/2023 14:32,4019077,14
11/28/2023 14:32,4019407,10
11/28/2023 14:33,4015997,12
11/28/2023 14:33,4015999,8
11/28/2023 14:33,4019077,14
11/28/2023 14:33,4019407,10
11/28/2023 14:34,4015997,12
11/28/2023 14:34,4015999,38
11/28/2023 14:34,4019077,16
11/28/2023 14:34,4019407,6
11/28/2023 14:35,4015997,14
11/28/2023 14:35,4015999,43
11/28/2023 14:35,4019077,16
11/28/2023 14:35,4019407,7
11/28/2023 14:36,4015997,26
11/28/2023 14:36,4015999,43
11/28/2023 14:36,4019077,16
11/28/2023 14:36,4019407,16
11/28/2023 14:37,4015997,31
11/28/2023 14:37,4015999,44
11/28/2023 14:37,4019077,16
11/28/2023 14:37,4019407,33
11/28/2023 14:38,4015997,33
11/28/2023 14:38,4015999,44
11/28/2023 14:38,4019077,16
11/28/2023 14:38,4019407,33
11/28/2023 14:40,4015997,36
11/28/2023 14:40,4015999,44
11/28/2023 14:40,4019077,10
11/28/2023 14:40,4019407,33
11/28/2023 14:41,4015997,36
11/28/2023 14:41,4015999,43
11/28/2023 14:41,4019077,20
11/28/2023 14:41,4019407,30
11/28/2023 14:42,4015997,36
11/28/2023 14:42,4015999,43
11/28/2023 14:42,4019077,39
11/28/2023 14:42,4019407,30
11/28/2023 14:43,4015997,36
11/28/2023 14:43,4015999,4
11/28/2023 14:43,4019077,39
11/28/2023 14:43,4019407,30
11/28/2023 14:44,4015997,16
11/28/2023 14:44,4015999,46
11/28/2023 14:44,4019077,39
11/28/2023 14:44,4019407,29
11/28/2023 14:45,4015997,36
11/28/2023 14:45,4015999,57
11/28/2023 14:45,4019077,34
11/28/2023 14:45,4019407,29
11/28/2023 14:46,4015997,49
11/28/2023 14:46,4015999,57
11/28/2023 14:46,4019077,34
11/28/2023 14:46,4019407,29
11/28/2023 14:47,4015997,57
11/28/2023 14:47,4015999,61
11/28/2023 14:47,4019077,34
11/28/2023 14:47,4019407,19
11/28/2023 14:48,4015997,56
11/28/2023 14:48,4015999,61
11/28/2023 14:48,4019077,29
11/28/2023 14:48,4019407,27
11/28/2023 14:49,4015997,55
11/28/2023 14:49,4015999,60
11/28/2023 14:49,4019077,29
11/28/2023 14:49,4019407,33
11/28/2023 14:50,4015997,54
11/28/2023 14:50,4015999,61
11/28/2023 14:50,4019077,1
11/28/2023 14:50,4019407,34
11/28/2023 14:51,4015997,54
11/28/2023 14:51,4015999,61
11/28/2023 14:51,4019077,3
11/28/2023 14:51,4019407,34
11/28/2023 14:52,4015997,47
11/28/2023 14:52,4015999,48
11/28/2023 14:52,4019077,3
11/28/2023 14:52,4019407,36
11/28/2023 14:53,4015997,47
11/28/2023 14:53,4015999,4
11/28/2023 14:53,4019077,3
11/28/2023 14:53,4019407,36
11/28/2023 14:54,4015997,0
11/28/2023 14:54,4015999,37
11/28/2023 14:54,4019077,3
11/28/2023 14:54,4019407,36
11/28/2023 14:55,4015997,0
11/28/2023 14:55,4015999,54
11/28/2023 14:55,4019077,3
11/28/2023 14:55,4019407,36
11/28/2023 14:56,4015997,0
11/28/2023 14:56,4015999,54
11/28/2023 14:56,4019077,3
11/28/2023 14:56,4019407,36
11/28/2023 14:57,4015997,0
11/28/2023 14:57,4015999,54
11/28/2023 14:57,4019077,3
11/28/2023 14:57,4019407,3
11/28/2023 14:58,4015997,1
11/28/2023 14:58,4015999,52
11/28/2023 14:58,4019077,3
11/28/2023 14:58,4019407,60
11/28/2023 14:59,4015997,3
11/28/2023 14:59,4015999,51
11/28/2023 14:59,4019077,0
11/28/2023 14:59,4019407,73
11/28/2023 15:00,4015997,3
11/28/2023 15:00,4015999,51
11/28/2023 15:00,4019077,34
11/28/2023 15:00,4019407,73
11/28/2023 15:01,4015997,3
11/28/2023 15:01,4015999,49
11/28/2023 15:01,4019077,50
11/28/2023 15:01,4019407,70
11/28/2023 15:02,4015997,3
11/28/2023 15:02,4015999,46
11/28/2023 15:02,4019077,66
11/28/2023 15:02,4019407,70
11/28/2023 15:03,4015997,4
11/28/2023 15:03,4015999,46
11/28/2023 15:03,4019077,66
11/28/2023 15:03,4019407,70
11/28/2023 15:04,4015997,4
11/28/2023 15:04,4015999,0
11/28/2023 15:04,4019077,67
11/28/2023 15:04,4019407,66
11/28/2023 15:05,4015997,0
11/28/2023 15:05,4015999,5
11/28/2023 15:05,4019077,66
11/28/2023 15:05,4019407,66
11/28/2023 15:06,4015997,5
11/28/2023 15:06,4015999,1
11/28/2023 15:06,4019077,61
11/28/2023 15:06,4019407,23
11/28/2023 15:07,4015997,12
11/28/2023 15:07,4015999,1
11/28/2023 15:07,4019077,60
11/28/2023 15:07,4019407,7
11/28/2023 15:08,4015997,14
11/28/2023 15:08,4015999,5
11/28/2023 15:08,4019077,60
11/28/2023 15:08,4019407,7
11/28/2023 15:09,4015997,15
11/28/2023 15:09,4015999,6
11/28/2023 15:09,4019077,56
11/28/2023 15:09,4019407,9
11/28/2023 15:10,4015997,15
11/28/2023 15:10,4015999,2
11/28/2023 15:10,4019077,56
11/28/2023 15:10,4019407,9
11/28/2023 15:11,4015997,15
11/28/2023 15:11,4015999,1
11/28/2023 15:11,4019077,4
11/28/2023 15:11,4019407,10
11/28/2023 15:12,4015997,15
11/28/2023 15:12,4015999,2
11/28/2023 15:12,4019077,3
11/28/2023 15:12,4019407,10
11/28/2023 15:13,4015997,4
11/28/2023 15:13,4015999,12
11/28/2023 15:13,4019077,3
11/28/2023 15:13,4019407,10
11/28/2023 15:14,4015997,4
11/28/2023 15:14,4015999,11
11/28/2023 15:14,4019077,3
11/28/2023 15:14,4019407,10
11/28/2023 15:15,4015997,4
11/28/2023 15:15,4015999,11
11/28/2023 15:15,4019077,3
11/28/2023 15:15,4019407,10
11/28/2023 15:16,4015997,4
11/28/2023 15:16,4015999,11
11/28/2023 15:16,4019077,3
11/28/2023 15:16,4019407,14
11/28/2023 15:17,4015997,5
11/28/2023 15:17,4015999,15
11/28/2023 15:17,4019077,3
11/28/2023 15:17,4019407,20
11/28/2023 15:18,4015997,7
11/28/2023 15:18,4015999,15
11/28/2023 15:18,4019077,4
11/28/2023 15:18,4019407,30
11/28/2023 15:19,4015997,7
11/28/2023 15:19,4015999,14
11/28/2023 15:19,4019077,4
11/28/2023 15:19,4019407,31
11/28/2023 15:20,4015997,7
11/28/2023 15:20,4015999,14
11/28/2023 15:20,4019077,4
11/28/2023 15:20,4019407,31
11/28/2023 15:21,4015997,9
11/28/2023 15:21,4015999,14
11/28/2023 15:21,4019077,11
11/28/2023 15:21,4019407,30
11/28/2023 15:22,4007832,1
11/28/2023 15:22,4007848,0
11/28/2023 15:22,4015997,9
11/28/2023 15:22,4015999,0
11/28/2023 15:22,4019077,19
11/28/2023 15:22,4019407,30
11/28/2023 15:23,4007832,1
11/28/2023 15:23,4007848,4
11/28/2023 15:23,4015997,9
11/28/2023 15:23,4015999,3
11/28/2023 15:23,4019077,19
11/28/2023 15:23,4019407,30
11/28/2023 15:24,4007832,1
11/28/2023 15:24,4007848,8
11/28/2023 15:24,4015997,5
11/28/2023 15:24,4015999,4
11/28/2023 15:24,4019077,19
11/28/2023 15:24,4019407,29
11/28/2023 15:25,4007832,1
11/28/2023 15:25,4007848,8
11/28/2023 15:25,4015997,6
11/28/2023 15:25,4015999,12
11/28/2023 15:25,4019077,20
11/28/2023 15:25,4019407,29
11/28/2023 15:26,4007832,0
11/28/2023 15:26,4007848,8
11/28/2023 15:26,4015997,6
11/28/2023 15:26,4015999,13
11/28/2023 15:26,4019077,17
11/28/2023 15:26,4019407,7
11/28/2023 15:27,4007832,0
11/28/2023 15:27,4007848,7
11/28/2023 15:27,4015997,9
11/28/2023 15:27,4015999,13
11/28/2023 15:27,4019077,17
11/28/2023 15:27,4019407,9
11/28/2023 15:29,4007848,7
11/28/2023 15:29,4015997,10
11/28/2023 15:29,4015999,6
11/28/2023 15:29,4016733,21
11/28/2023 15:29,4019077,16
11/28/2023 15:29,4019407,11
11/28/2023 15:30,4007848,7
11/28/2023 15:30,4015997,11
11/28/2023 15:30,4015999,13
11/28/2023 15:30,4016733,21
11/28/2023 15:30,4019077,16
11/28/2023 15:30,4019407,11
11/28/2023 15:31,4007848,0
11/28/2023 15:31,4015997,10
11/28/2023 15:31,4015999,5
11/28/2023 15:31,4016733,21
11/28/2023 15:31,4019077,0
11/28/2023 15:31,4019407,10
11/28/2023 15:32,4007848,0
11/28/2023 15:32,4015997,10
11/28/2023 15:32,4015999,13
11/28/2023 15:32,4016733,21
11/28/2023 15:32,4019077,3
11/28/2023 15:32,4019407,11
11/28/2023 15:33,4007848,0
11/28/2023 15:33,4015997,9
11/28/2023 15:33,4015999,13
11/28/2023 15:33,4016733,21
11/28/2023 15:33,4019077,3
11/28/2023 15:33,4019407,11
11/28/2023 15:34,4007848,0
11/28/2023 15:34,4015997,3
11/28/2023 15:34,4015999,11
11/28/2023 15:34,4016733,21
11/28/2023 15:34,4019077,3
11/28/2023 15:34,4019407,11
11/28/2023 15:35,4007848,0
11/28/2023 15:35,4015997,3
11/28/2023 15:35,4015999,21
11/28/2023 15:35,4016733,21
11/28/2023 15:35,4019077,3
11/28/2023 15:35,4019407,6
11/28/2023 15:36,4007848,0
11/28/2023 15:36,4015997,4
11/28/2023 15:36,4015999,21
11/28/2023 15:36,4016733,14
11/28/2023 15:36,4019077,3
11/28/2023 15:36,4019407,6
11/28/2023 15:37,4007848,0
11/28/2023 15:37,4015997,4
11/28/2023 15:37,4015999,21
11/28/2023 15:37,4016733,14
11/28/2023 15:37,4019077,4
11/28/2023 15:37,4019407,14
11/28/2023 15:38,4007848,0
11/28/2023 15:38,4015997,5
11/28/2023 15:38,4015999,21
11/28/2023 15:38,4016733,14
11/28/2023 15:38,4019077,4
11/28/2023 15:38,4019407,31
11/28/2023 15:39,4007848,0
11/28/2023 15:39,4015997,6
11/28/2023 15:39,4015999,13
11/28/2023 15:39,4016733,21
11/28/2023 15:39,4019077,4
11/28/2023 15:39,4019407,31
11/28/2023 15:39,4007848,0
11/28/2023 15:39,4015997,6
11/28/2023 15:39,4015999,13
11/28/2023 15:39,4016733,29
11/28/2023 15:39,4019077,4
11/28/2023 15:39,4019407,31
11/28/2023 15:40,4007848,0
11/28/2023 15:40,4015997,6
11/28/2023 15:40,4015999,0
11/28/2023 15:40,4016733,36
11/28/2023 15:40,4019077,7
11/28/2023 15:40,4019407,31
11/28/2023 15:41,4007848,0
11/28/2023 15:41,4015997,6
11/28/2023 15:41,4015999,0
11/28/2023 15:41,4016733,36
11/28/2023 15:41,4019077,13
11/28/2023 15:41,4019407,29
11/28/2023 15:42,4007848,1
11/28/2023 15:42,4015997,6
11/28/2023 15:42,4015999,0
11/28/2023 15:42,4016733,36
11/28/2023 15:42,4019077,13
11/28/2023 15:42,4019407,29
11/28/2023 15:43,4007848,4
11/28/2023 15:43,4015997,6
11/28/2023 15:43,4015999,2
11/28/2023 15:43,4016733,50
11/28/2023 15:43,4019077,13
11/28/2023 15:43,4019407,29
11/28/2023 15:44,4007848,3
11/28/2023 15:44,4015997,3
11/28/2023 15:44,4015999,1
11/28/2023 15:44,4016733,43
11/28/2023 15:44,4019077,13
11/28/2023 15:44,4019407,24
11/28/2023 15:45,4007848,3
11/28/2023 15:45,4015997,11
11/28/2023 15:45,4015999,2
11/28/2023 15:45,4016733,43
11/28/2023 15:45,4019077,13
11/28/2023 15:45,4019407,0
11/28/2023 15:46,4007848,1
11/28/2023 15:46,4015997,12
11/28/2023 15:46,4015999,2
11/28/2023 15:46,4016733,0
11/28/2023 15:46,4019077,13
11/28/2023 15:46,4019407,1
11/28/2023 15:47,4007848,0
11/28/2023 15:47,4015997,15
11/28/2023 15:47,4015999,3
11/28/2023 15:47,4016733,0
11/28/2023 15:47,4019077,13
11/28/2023 15:47,4019407,7
11/28/2023 15:48,4007848,1
11/28/2023 15:48,4015997,15
11/28/2023 15:48,4015999,4
11/28/2023 15:48,4016733,0
11/28/2023 15:48,4019077,0
11/28/2023 15:48,4019407,9
11/28/2023 15:49,4007848,0
11/28/2023 15:49,4015997,15
11/28/2023 15:49,4015999,4
11/28/2023 15:49,4016733,14
11/28/2023 15:49,4019077,0
11/28/2023 15:49,4019407,7
11/28/2023 15:50,4007848,2
11/28/2023 15:50,4015997,15
11/28/2023 15:50,4015999,4
11/28/2023 15:50,4016733,0
11/28/2023 15:50,4019077,0
11/28/2023 15:50,4019407,7
11/28/2023 15:52,4007848,0
11/28/2023 15:52,4015997,15
11/28/2023 15:52,4015999,21
11/28/2023 15:52,4016733,14
11/28/2023 15:52,4019077,0
11/28/2023 15:52,4019407,7
11/28/2023 15:53,4007848,1
11/28/2023 15:53,4015997,15
11/28/2023 15:53,4015999,25
11/28/2023 15:53,4016733,7
11/28/2023 15:53,4019077,0
11/28/2023 15:53,4019407,7
11/28/2023 15:54,4007848,0
11/28/2023 15:54,4015997,6
11/28/2023 15:54,4015999,31
11/28/2023 15:54,4016733,7
11/28/2023 15:54,4019077,0
11/28/2023 15:54,4019407,13
11/28/2023 15:55,4007848,2
11/28/2023 15:55,4015997,5
11/28/2023 15:55,4015999,31
11/28/2023 15:55,4016733,21
11/28/2023 15:55,4019077,0
11/28/2023 15:55,4019407,13
11/28/2023 15:56,4007848,1
11/28/2023 15:56,4015997,5
11/28/2023 15:56,4015999,31
11/28/2023 15:56,4016733,21
11/28/2023 15:56,4019077,0
11/28/2023 15:56,4019407,14
11/28/2023 15:57,4007848,2
11/28/2023 15:57,4015997,5
11/28/2023 15:57,4015999,30
11/28/2023 15:57,4016733,7
11/28/2023 15:57,4019077,0
11/28/2023 15:57,4019407,6
11/28/2023 15:58,4007848,2
11/28/2023 15:58,4015997,5
11/28/2023 15:58,4015999,29
11/28/2023 15:58,4016733,0
11/28/2023 15:58,4019077,0
11/28/2023 15:58,4019407,11
11/28/2023 15:59,4007848,3
11/28/2023 15:59,4015997,5
11/28/2023 15:59,4015999,29
11/28/2023 15:59,4016733,0
11/28/2023 15:59,4019077,0
11/28/2023 15:59,4019407,11
11/28/2023 16:00,4007848,2
11/28/2023 16:00,4015997,17
11/28/2023 16:00,4015999,29
11/28/2023 16:00,4016733,21
11/28/2023 16:00,4019077,0
11/28/2023 16:00,4019407,11
11/28/2023 16:01,4007848,3
11/28/2023 16:01,4015997,17
11/28/2023 16:01,4015999,29
11/28/2023 16:01,4016733,21
11/28/2023 16:01,4019077,0
11/28/2023 16:01,4019407,9
11/28/2023 16:02,4007848,2
11/28/2023 16:02,4015997,17
11/28/2023 16:02,4015999,9
11/28/2023 16:02,4016733,21
11/28/2023 16:02,4019077,0
11/28/2023 16:02,4019407,9
11/28/2023 16:03,4007848,2
11/28/2023 16:03,4015997,17
11/28/2023 16:03,4015999,10
11/28/2023 16:03,4016733,21
11/28/2023 16:03,4019077,0
11/28/2023 16:03,4019407,9
11/28/2023 16:04,4007848,15
11/28/2023 16:04,4015997,17
11/28/2023 16:04,4015999,14
11/28/2023 16:04,4016733,21
11/28/2023 16:04,4019077,0
11/28/2023 16:04,4019407,9
11/28/2023 16:05,4007848,20
11/28/2023 16:05,4015997,17
11/28/2023 16:05,4015999,21
11/28/2023 16:05,4016733,21
11/28/2023 16:05,4019077,0
11/28/2023 16:05,4019407,6
11/28/2023 16:06,4007848,20
11/28/2023 16:06,4015997,7
11/28/2023 16:06,4015999,20
11/28/2023 16:06,4016733,21
11/28/2023 16:06,4019077,0
11/28/2023 16:06,4019407,0
11/28/2023 16:07,4007848,20
11/28/2023 16:07,4015997,14
11/28/2023 16:07,4015999,21
11/28/2023 16:07,4016733,57
11/28/2023 16:07,4019077,0
11/28/2023 16:07,4019407,0
11/28/2023 16:08,4007848,18
11/28/2023 16:08,4015997,19
11/28/2023 16:08,4015999,21
11/28/2023 16:08,4016733,86
11/28/2023 16:08,4019077,0
11/28/2023 16:08,4019407,0
11/28/2023 16:09,4007848,16
11/28/2023 16:09,4015997,15
11/28/2023 16:09,4015999,21
11/28/2023 16:09,4016733,86
11/28/2023 16:09,4019077,0
11/28/2023 16:09,4019407,0
11/28/2023 16:10,4007848,14
11/28/2023 16:10,4015997,15
11/28/2023 16:10,4015999,20
11/28/2023 16:10,4016733,93
11/28/2023 16:10,4019077,1
11/28/2023 16:10,4019407,0
11/28/2023 16:11,4007848,13
11/28/2023 16:11,4015997,15
11/28/2023 16:11,4015999,20
11/28/2023 16:11,4016733,100
11/28/2023 16:11,4019077,7
11/28/2023 16:11,4019407,0
11/28/2023 16:12,4007848,13
11/28/2023 16:12,4015997,14
11/28/2023 16:12,4015999,22
11/28/2023 16:12,4016733,100
11/28/2023 16:12,4019077,11
11/28/2023 16:12,4019407,0
11/28/2023 16:13,4007848,3
11/28/2023 16:13,4015997,12
11/28/2023 16:13,4015999,25
11/28/2023 16:13,4016733,100
11/28/2023 16:13,4019077,11
11/28/2023 16:13,4019407,0
11/28/2023 16:14,4007848,6
11/28/2023 16:14,4015997,12
11/28/2023 16:14,4015999,37
11/28/2023 16:14,4016733,0
11/28/2023 16:14,4019077,13
11/28/2023 16:14,4019407,0
11/28/2023 16:15,4007848,6
11/28/2023 16:15,4015997,0
11/28/2023 16:15,4015999,43
11/28/2023 16:15,4016733,0
11/28/2023 16:15,4019077,14
11/28/2023 16:15,4019407,0
11/28/2023 16:16,4007848,6
11/28/2023 16:16,4015997,0
11/28/2023 16:16,4015999,43
11/28/2023 16:16,4016733,29
11/28/2023 16:16,4019077,14
11/28/2023 16:16,4019407,0
11/28/2023 16:17,4007848,6
11/28/2023 16:17,4015997,10
11/28/2023 16:17,4015999,43
11/28/2023 16:17,4016733,93
11/28/2023 16:17,4019077,14
11/28/2023 16:17,4019407,0
11/28/2023 16:18,4007848,6
11/28/2023 16:18,4015997,20
11/28/2023 16:18,4015999,43
11/28/2023 16:18,4016733,93
11/28/2023 16:18,4019077,16
11/28/2023 16:18,4019407,0
11/28/2023 16:19,4007848,6
11/28/2023 16:19,4015997,21
11/28/2023 16:19,4015999,42
11/28/2023 16:19,4016733,93
11/28/2023 16:19,4019077,16
11/28/2023 16:19,4019407,0
11/28/2023 16:20,4007848,6
11/28/2023 16:20,4015997,21
11/28/2023 16:20,4015999,40
11/28/2023 16:20,4016733,93
11/28/2023 16:20,4019077,33
11/28/2023 16:20,4019407,0
11/28/2023 16:21,4007848,4
11/28/2023 16:21,4015997,21
11/28/2023 16:21,4015999,40
11/28/2023 16:21,4016733,71
11/28/2023 16:21,4019077,44
11/28/2023 16:21,4019407,0
11/28/2023 16:22,4007848,15
11/28/2023 16:22,4015997,20
11/28/2023 16:22,4015999,31
11/28/2023 16:22,4016733,71
11/28/2023 16:22,4019077,44
11/28/2023 16:23,4007848,20
11/28/2023 16:23,4015997,20
11/28/2023 16:23,4015999,37
11/28/2023 16:23,4016733,0
11/28/2023 16:23,4019077,44
11/28/2023 16:24,4007848,26
11/28/2023 16:24,4015997,20
11/28/2023 16:24,4015999,38
11/28/2023 16:24,4016733,0
11/28/2023 16:24,4019077,44
11/28/2023 16:25,4007848,27
11/28/2023 16:25,4015997,6
11/28/2023 16:25,4015999,62
11/28/2023 16:25,4016733,7
11/28/2023 16:25,4019077,44
11/28/2023 16:26,4007848,27
11/28/2023 16:26,4015997,23
11/28/2023 16:26,4015999,62
11/28/2023 16:26,4016733,64
11/28/2023 16:26,4019077,44
11/28/2023 16:27,4007848,26
11/28/2023 16:27,4015997,38
11/28/2023 16:27,4015999,64
11/28/2023 16:27,4016733,129
11/28/2023 16:27,4019077,40
11/28/2023 16:28,4007848,25
11/28/2023 16:28,4015997,39
11/28/2023 16:28,4015999,64
11/28/2023 16:28,4016733,136
11/28/2023 16:28,4019077,1
11/28/2023 16:29,4007848,25
11/28/2023 16:29,4015997,38
11/28/2023 16:29,4015999,62
11/28/2023 16:29,4016733,136
11/28/2023 16:29,4019077,1
11/28/2023 16:30,4007848,23
11/28/2023 16:30,4015997,38
11/28/2023 16:30,4015999,64
11/28/2023 16:30,4016733,136
11/28/2023 16:30,4019077,1
11/28/2023 16:31,4007848,18
11/28/2023 16:31,4015997,38
11/28/2023 16:31,4015999,67
11/28/2023 16:31,4016733,136
11/28/2023 16:31,4019077,1
11/28/2023 16:32,4007848,19
11/28/2023 16:32,4015997,38
11/28/2023 16:32,4015999,66
11/28/2023 16:32,4016733,136
11/28/2023 16:32,4019077,1
11/28/2023 16:33,4007848,30
11/28/2023 16:33,4015997,36
11/28/2023 16:33,4015999,66
11/28/2023 16:33,4016733,136
11/28/2023 16:33,4019077,1
11/28/2023 16:34,4007848,33
11/28/2023 16:34,4015997,11
11/28/2023 16:34,4015999,50
11/28/2023 16:34,4016733,7
11/28/2023 16:34,4019077,1
11/28/2023 16:35,4007848,38
11/28/2023 16:35,4015997,11
11/28/2023 16:35,4015999,74
11/28/2023 16:35,4016733,7
11/28/2023 16:35,4019077,1
11/28/2023 16:36,4007848,39
11/28/2023 16:36,4015997,11
11/28/2023 16:36,4015999,75
11/28/2023 16:36,4016733,86
11/28/2023 16:36,4019077,1
11/28/2023 16:37,4007848,43
11/28/2023 16:37,4015997,11
11/28/2023 16:37,4015999,74
11/28/2023 16:37,4016733,100
11/28/2023 16:37,4019077,1
11/28/2023 16:38,4007848,44
11/28/2023 16:38,4015997,21
11/28/2023 16:38,4015999,74
11/28/2023 16:38,4016733,100
11/28/2023 16:38,4019077,1
11/28/2023 16:39,4007848,42
11/28/2023 16:39,4015997,30
11/28/2023 16:39,4015999,74
11/28/2023 16:39,4016733,93
11/28/2023 16:39,4019077,1
11/28/2023 16:40,4007848,43
11/28/2023 16:40,4015997,31
11/28/2023 16:40,4015999,74
11/28/2023 16:40,4016733,93
11/28/2023 16:40,4019077,1
11/28/2023 16:41,4007848,42
11/28/2023 16:41,4015997,34
11/28/2023 16:41,4015999,73
11/28/2023 16:41,4016733,93
11/28/2023 16:41,4019077,1
11/28/2023 16:42,4007848,43
11/28/2023 16:42,4015997,34
11/28/2023 16:42,4015999,66
11/28/2023 16:42,4016733,93
11/28/2023 16:42,4019077,1
11/28/2023 16:43,4007848,42
11/28/2023 16:43,4015997,33
11/28/2023 16:43,4015999,65
11/28/2023 16:43,4016733,93
11/28/2023 16:43,4019077,1
11/28/2023 16:44,4007848,13
11/28/2023 16:44,4015997,33
11/28/2023 16:44,4015999,6
11/28/2023 16:44,4016733,7
11/28/2023 16:44,4019077,1
11/28/2023 16:45,4007848,17
11/28/2023 16:45,4015997,20
11/28/2023 16:45,4015999,6
11/28/2023 16:45,4016733,21
11/28/2023 16:45,4019077,1
11/28/2023 16:46,4007848,16
11/28/2023 16:46,4015997,20
11/28/2023 16:46,4015999,6
11/28/2023 16:46,4016733,21
11/28/2023 16:46,4019077,1
11/28/2023 16:47,4007848,16
11/28/2023 16:47,4015997,28
11/28/2023 16:47,4015999,6
11/28/2023 16:47,4016733,21
11/28/2023 16:47,4019077,1
11/28/2023 16:48,4007848,17
11/28/2023 16:48,4015997,34
11/28/2023 16:48,4015999,5
11/28/2023 16:48,4016733,21
11/28/2023 16:48,4019077,1
11/28/2023 16:49,4007848,16
11/28/2023 16:49,4015997,34
11/28/2023 16:49,4015999,4
11/28/2023 16:49,4016733,21
11/28/2023 16:49,4019077,1
11/28/2023 16:50,4007848,15
11/28/2023 16:50,4015997,35
11/28/2023 16:50,4015999,4
11/28/2023 16:50,4016733,21
11/28/2023 16:50,4019077,1
11/28/2023 16:51,4007848,12
11/28/2023 16:51,4015997,35
11/28/2023 16:51,4015999,4
11/28/2023 16:51,4016733,21
11/28/2023 16:51,4019077,1
11/28/2023 16:52,4007848,12
11/28/2023 16:52,4015997,35
11/28/2023 16:52,4015999,7
11/28/2023 16:52,4016733,0
11/28/2023 16:52,4019077,1
11/28/2023 16:53,4007848,0
11/28/2023 16:53,4015997,35
11/28/2023 16:53,4015999,10
11/28/2023 16:53,4016733,0
11/28/2023 16:53,4019077,1
11/28/2023 16:54,4007848,0
11/28/2023 16:54,4015997,24
11/28/2023 16:54,4015999,12
11/28/2023 16:54,4016733,0
11/28/2023 16:54,4019077,1
11/28/2023 16:55,4007848,2
11/28/2023 16:55,4015997,24
11/28/2023 16:55,4015999,17
11/28/2023 16:55,4016733,0
11/28/2023 16:55,4019077,1
11/28/2023 16:56,4007848,3
11/28/2023 16:56,4015997,24
11/28/2023 16:56,4015999,17
11/28/2023 16:56,4016733,50
11/28/2023 16:56,4019077,1
11/28/2023 16:57,4007848,3
11/28/2023 16:57,4015997,30
11/28/2023 16:57,4015999,17
11/28/2023 16:57,4016733,57
11/28/2023 16:57,4019077,1
11/28/2023 16:58,4007848,3
11/28/2023 16:58,4015997,31
11/28/2023 16:58,4015999,17
11/28/2023 16:58,4016733,57
11/28/2023 16:58,4019077,1
11/28/2023 16:59,4007848,4
11/28/2023 16:59,4015997,31
11/28/2023 16:59,4015999,17
11/28/2023 16:59,4016733,50
11/28/2023 16:59,4019077,1
11/28/2023 17:00,4007848,3
11/28/2023 17:00,4015997,31
11/28/2023 17:00,4015999,17
11/28/2023 17:00,4016733,50
11/28/2023 17:00,4019077,1
11/28/2023 17:01,4007848,4
11/28/2023 17:01,4015997,31
11/28/2023 17:01,4015999,8
11/28/2023 17:01,4016733,36
11/28/2023 17:01,4019077,1
11/28/2023 17:02,4007848,3
11/28/2023 17:02,4015997,31
11/28/2023 17:02,4015999,3
11/28/2023 17:02,4016733,0
11/28/2023 17:02,4019077,1
11/28/2023 17:03,4007848,16
11/28/2023 17:03,4015997,31
11/28/2023 17:03,4015999,4
11/28/2023 17:03,4016733,0
11/28/2023 17:03,4019077,1
11/28/2023 17:04,4007848,21
11/28/2023 17:04,4015997,26
11/28/2023 17:04,4015999,5
11/28/2023 17:04,4016733,0
11/28/2023 17:04,4019077,1
11/28/2023 17:05,4007848,21
11/28/2023 17:05,4015997,28
11/28/2023 17:05,4015999,6
11/28/2023 17:05,4016733,0
11/28/2023 17:05,4019077,1
11/28/2023 17:06,4007848,21
11/28/2023 17:06,4015997,35
11/28/2023 17:06,4015999,7
11/28/2023 17:06,4016733,29
11/28/2023 17:06,4019077,1
11/28/2023 17:07,4007848,20
11/28/2023 17:07,4015997,34
11/28/2023 17:07,4015999,7
11/28/2023 17:07,4016733,29
11/28/2023 17:07,4019077,1
11/28/2023 17:08,4007848,21
11/28/2023 17:08,4015997,34
11/28/2023 17:08,4015999,7
11/28/2023 17:08,4016733,29
11/28/2023 17:08,4019077,1
11/28/2023 17:09,4007848,22
11/28/2023 17:09,4015997,33
11/28/2023 17:09,4015999,8
11/28/2023 17:09,4016733,29
11/28/2023 17:09,4019077,0
11/28/2023 17:10,4007848,21
11/28/2023 17:10,4015997,31
11/28/2023 17:10,4015999,8
11/28/2023 17:10,4016733,29
11/28/2023 17:10,4019077,0
11/28/2023 17:11,4007848,16
11/28/2023 17:11,4015997,31
11/28/2023 17:11,4015999,8
11/28/2023 17:11,4016733,29
11/28/2023 17:11,4019077,0
11/28/2023 17:12,4007848,16
11/28/2023 17:12,4015997,31
11/28/2023 17:12,4015999,8
11/28/2023 17:12,4016733,29
11/28/2023 17:12,4019077,0
11/28/2023 17:13,4007848,14
11/28/2023 17:13,4015997,31
11/28/2023 17:13,4015999,14
11/28/2023 17:13,4016733,0
11/28/2023 17:13,4019077,0
11/28/2023 17:14,4007848,0
11/28/2023 17:14,4015997,25
11/28/2023 17:14,4015999,14
11/28/2023 17:14,4016733,0
11/28/2023 17:14,4019077,0
11/28/2023 17:15,4007848,0
11/28/2023 17:15,4015997,25
11/28/2023 17:15,4015999,18
11/28/2023 17:15,4016733,0
11/28/2023 17:15,4019077,0
11/28/2023 17:16,4007848,0
11/28/2023 17:16,4015997,19
11/28/2023 17:16,4015999,18
11/28/2023 17:16,4016733,0
11/28/2023 17:17,4007848,1
11/28/2023 17:17,4015997,25
11/28/2023 17:17,4015999,18
11/28/2023 17:17,4016733,0
11/28/2023 17:17,4019409,6
11/28/2023 17:20,4007848,2
11/28/2023 17:20,4015997,26
11/28/2023 17:20,4015999,17
11/28/2023 17:20,4016733,0
11/28/2023 17:20,4019409,13
11/28/2023 17:21,4007848,6
11/28/2023 17:21,4015997,26
11/28/2023 17:21,4015999,15
11/28/2023 17:21,4016733,0
11/28/2023 17:21,4019409,11
11/28/2023 17:22,4007848,9
11/28/2023 17:22,4015997,30
11/28/2023 17:22,4015999,15
11/28/2023 17:22,4016733,0
11/28/2023 17:22,4019409,10
11/28/2023 17:23,4007848,12
11/28/2023 17:23,4015997,30
11/28/2023 17:23,4015999,15
11/28/2023 17:23,4016733,0
11/28/2023 17:23,4019409,10
11/28/2023 17:24,4007848,12
11/28/2023 17:24,4015997,23
11/28/2023 17:24,4015999,5
11/28/2023 17:24,4016733,0
11/28/2023 17:24,4019409,10
11/28/2023 17:25,4007848,12
11/28/2023 17:25,4015997,26
11/28/2023 17:25,4015999,5
11/28/2023 17:25,4016733,0
11/28/2023 17:25,4019409,10
11/28/2023 17:26,4007848,12
11/28/2023 17:26,4015997,33
11/28/2023 17:26,4015999,6
11/28/2023 17:26,4016733,0
11/28/2023 17:26,4019409,9
11/28/2023 17:27,4007848,12
11/28/2023 17:27,4015997,34
11/28/2023 17:27,4015999,6
11/28/2023 17:27,4016733,0
11/28/2023 17:27,4019409,9
11/28/2023 17:28,4007848,9
11/28/2023 17:28,4015997,35
11/28/2023 17:28,4015999,6
11/28/2023 17:28,4016733,0
11/28/2023 17:28,4019409,16
11/28/2023 17:29,4007848,11
11/28/2023 17:29,4015997,35
11/28/2023 17:29,4015999,5
11/28/2023 17:29,4016733,21
11/28/2023 17:29,4019409,16
11/28/2023 17:30,4007848,10
11/28/2023 17:30,4015997,35
11/28/2023 17:30,4015999,5
11/28/2023 17:30,4016733,57
11/28/2023 17:30,4019409,16
11/28/2023 17:31,4007848,0
11/28/2023 17:31,4015997,35
11/28/2023 17:31,4015999,5
11/28/2023 17:31,4016733,57
11/28/2023 17:31,4019409,17
11/28/2023 17:32,4007848,0
11/28/2023 17:32,4015997,35
11/28/2023 17:32,4015999,7
11/28/2023 17:32,4016733,71
11/28/2023 17:32,4019409,17
11/28/2023 17:33,4007848,0
11/28/2023 17:33,4015997,25
11/28/2023 17:33,4015999,11
11/28/2023 17:33,4016733,79
11/28/2023 17:33,4019409,17
11/28/2023 17:34,4007848,0
11/28/2023 17:34,4015997,25
11/28/2023 17:34,4015999,12
11/28/2023 17:34,4016733,79
11/28/2023 17:34,4019409,20
11/28/2023 17:35,4007848,0
11/28/2023 17:35,4015997,25
11/28/2023 17:35,4015999,12
11/28/2023 17:35,4016733,79
11/28/2023 17:35,4019409,20
11/28/2023 17:36,4007848,0
11/28/2023 17:36,4015997,23
11/28/2023 17:36,4015999,12
11/28/2023 17:36,4016733,79
11/28/2023 17:36,4019409,20
11/28/2023 17:37,4007848,1
11/28/2023 17:37,4015997,25
11/28/2023 17:37,4015999,12
11/28/2023 17:37,4016733,7
11/28/2023 17:37,4019409,30
11/28/2023 17:38,4007848,0
11/28/2023 17:38,4015997,26
11/28/2023 17:38,4015999,11
11/28/2023 17:38,4016733,7
11/28/2023 17:38,4019409,39
11/28/2023 17:39,4007848,0
11/28/2023 17:39,4015997,29
11/28/2023 17:39,4015999,9
11/28/2023 17:39,4016733,7
11/28/2023 17:39,4019409,40
11/28/2023 17:40,4007848,0
11/28/2023 17:40,4015997,29
11/28/2023 17:40,4015999,8
11/28/2023 17:40,4016733,57
11/28/2023 17:40,4019409,40
11/28/2023 17:41,4007848,0
11/28/2023 17:41,4015997,28
11/28/2023 17:41,4015999,8
11/28/2023 17:41,4016733,64
11/28/2023 17:41,4019409,39
11/28/2023 17:42,4007848,0
11/28/2023 17:42,4015997,28
11/28/2023 17:42,4015999,15
11/28/2023 17:42,4016733,64
11/28/2023 17:42,4019409,39
11/28/2023 17:43,4007848,0
11/28/2023 17:43,4015997,28
11/28/2023 17:43,4015999,18
11/28/2023 17:43,4016733,57
11/28/2023 17:43,4019409,39
11/28/2023 17:44,4007848,0
11/28/2023 17:44,4015997,25
11/28/2023 17:44,4015999,19
11/28/2023 17:44,4016733,57
11/28/2023 17:44,4019409,36
11/28/2023 17:45,4007848,0
11/28/2023 17:45,4015997,30
11/28/2023 17:45,4015999,19
11/28/2023 17:45,4016733,57
11/28/2023 17:45,4019409,36
11/28/2023 17:46,4007848,0
11/28/2023 17:46,4015997,31
11/28/2023 17:46,4015999,18
11/28/2023 17:46,4016733,57
11/28/2023 17:46,4019409,36
11/28/2023 17:47,4007848,0
11/28/2023 17:47,4015997,30
11/28/2023 17:47,4015999,18
11/28/2023 17:47,4016733,7
11/28/2023 17:47,4019409,30
11/28/2023 17:48,4007848,0
11/28/2023 17:48,4015997,31
11/28/2023 17:48,4015999,17
11/28/2023 17:48,4016733,7
11/28/2023 17:48,4019409,40
11/28/2023 17:50,4007848,3
11/28/2023 17:50,4015997,30
11/28/2023 17:50,4015999,17
11/28/2023 17:50,4016733,7
11/28/2023 17:50,4019409,40
11/28/2023 17:51,4007848,10
11/28/2023 17:51,4015997,31
11/28/2023 17:51,4015999,17
11/28/2023 17:51,4016733,7
11/28/2023 17:51,4019409,40
11/28/2023 17:52,4007848,10
11/28/2023 17:52,4015997,26
11/28/2023 17:52,4015999,0
11/28/2023 17:52,4016733,7
11/28/2023 17:52,4019409,40
11/28/2023 17:53,4007848,12
11/28/2023 17:53,4015997,28
11/28/2023 17:53,4015999,30
11/28/2023 17:53,4019409,40
11/28/2023 17:54,4007848,12
11/28/2023 17:54,4015997,15
11/28/2023 17:54,4015999,38
11/28/2023 17:54,4019409,40
11/28/2023 17:55,4007848,15
11/28/2023 17:55,4015997,15
11/28/2023 17:55,4015999,39
11/28/2023 17:55,4019409,40
11/28/2023 17:56,4007848,15
11/28/2023 17:56,4015997,15
11/28/2023 17:56,4015999,39
11/28/2023 17:56,4019409,30
11/28/2023 17:57,4007848,13
11/28/2023 17:57,4015997,14
11/28/2023 17:57,4015999,42
11/28/2023 17:57,4019409,47
11/28/2023 17:58,4007848,13
11/28/2023 17:58,4015997,14
11/28/2023 17:58,4015999,39
11/28/2023 17:58,4019409,56
11/28/2023 17:59,4007848,13
11/28/2023 17:59,4015997,12
11/28/2023 17:59,4015999,39
11/28/2023 17:59,4019409,56
11/28/2023 18:00,4007848,13
11/28/2023 18:00,4015997,12
11/28/2023 18:00,4015999,42
11/28/2023 18:00,4019409,56
11/28/2023 18:01,4007848,13
11/28/2023 18:01,4015997,12
11/28/2023 18:01,4015999,39
11/28/2023 18:01,4019409,54
11/28/2023 18:02,4007848,13
11/28/2023 18:02,4015997,12
11/28/2023 18:02,4015999,28
11/28/2023 18:02,4019409,54
11/28/2023 18:03,4007848,18
11/28/2023 18:03,4015997,12
11/28/2023 18:03,4015999,7
11/28/2023 18:03,4019409,51
11/28/2023 18:04,4007848,24
11/28/2023 18:04,4015997,14
11/28/2023 18:04,4015999,30
11/28/2023 18:04,4019409,51
11/28/2023 18:05,4007848,32
11/28/2023 18:05,4015997,14
11/28/2023 18:05,4015999,38
11/28/2023 18:05,4019409,34
11/28/2023 18:06,4007848,38
11/28/2023 18:06,4015997,14
11/28/2023 18:06,4015999,40
11/28/2023 18:06,4019409,39
11/28/2023 18:07,4007848,38
11/28/2023 18:07,4015997,14
11/28/2023 18:07,4015999,42
11/28/2023 18:07,4019409,40
11/28/2023 18:08,4007848,37
11/28/2023 18:08,4015997,14
11/28/2023 18:08,4015999,43
11/28/2023 18:08,4019409,47
11/28/2023 18:09,4007848,38
11/28/2023 18:09,4015997,14
11/28/2023 18:09,4015999,43
11/28/2023 18:09,4019409,54
11/28/2023 18:10,4007848,36
11/28/2023 18:10,4015997,14
11/28/2023 18:10,4015999,38
11/28/2023 18:10,4019409,60
11/28/2023 18:11,4007848,36
11/28/2023 18:11,4015997,14
11/28/2023 18:11,4015999,41
11/28/2023 18:11,4019409,57
11/28/2023 18:12,4007848,38
11/28/2023 18:12,4015997,14
11/28/2023 18:12,4015999,41
11/28/2023 18:12,4019409,61
11/28/2023 18:13,4007848,37
11/28/2023 18:13,4015997,14
11/28/2023 18:13,4015999,29
11/28/2023 18:13,4019409,61
11/28/2023 18:14,4007848,36
11/28/2023 18:14,4015997,14
11/28/2023 18:14,4015999,20
11/28/2023 18:14,4019409,61
11/28/2023 18:15,4007848,4
11/28/2023 18:15,4015997,14
11/28/2023 18:15,4015999,38
11/28/2023 18:15,4019409,57
11/28/2023 18:16,4007848,9
11/28/2023 18:16,4015997,14
11/28/2023 18:16,4015999,38
11/28/2023 18:16,4019409,66
11/28/2023 18:17,4007848,12
11/28/2023 18:17,4015997,10
11/28/2023 18:17,4015999,38
11/28/2023 18:17,4019409,61
11/28/2023 18:18,4007848,12
11/28/2023 18:18,4015997,10
11/28/2023 18:18,4015999,38
11/28/2023 18:18,4019409,61
11/28/2023 18:19,4007848,14
11/28/2023 18:19,4015997,10
11/28/2023 18:19,4015999,37
11/28/2023 18:19,4019409,59
11/28/2023 18:20,4007848,17
11/28/2023 18:20,4015997,10
11/28/2023 18:20,4015999,34
11/28/2023 18:20,4019409,66
11/28/2023 18:21,4007848,17
11/28/2023 18:21,4015997,10
11/28/2023 18:21,4015999,34
11/28/2023 18:21,4019409,71
11/28/2023 18:22,4007848,17
11/28/2023 18:22,4015997,10
11/28/2023 18:22,4015999,35
11/28/2023 18:22,4019409,73
11/28/2023 18:23,4007848,17
11/28/2023 18:23,4015997,10
11/28/2023 18:23,4015999,8
11/28/2023 18:23,4019409,73
11/28/2023 18:24,4007848,16
11/28/2023 18:24,4015997,10
11/28/2023 18:24,4015999,10
11/28/2023 18:24,4019409,69
11/28/2023 18:25,4007848,16
11/28/2023 18:25,4015997,3
11/28/2023 18:25,4015999,9
11/28/2023 18:25,4019409,67
11/28/2023 18:26,4007848,16
11/28/2023 18:26,4015997,3
11/28/2023 18:26,4015999,9
11/28/2023 18:26,4019409,66
11/28/2023 18:27,4007848,16
11/28/2023 18:27,4015997,3
11/28/2023 18:27,4015999,9
11/28/2023 18:27,4019409,64
11/28/2023 18:28,4007848,20
11/28/2023 18:28,4015997,3
11/28/2023 18:28,4015999,9
11/28/2023 18:28,4019409,56
11/28/2023 18:29,4007848,24
11/28/2023 18:29,4015999,8
11/28/2023 18:29,4019409,56
11/28/2023 18:30,4007848,26
11/28/2023 18:30,4015999,8
11/28/2023 18:30,4019409,37
11/28/2023 18:31,4007848,26
11/28/2023 18:31,4015999,8
11/28/2023 18:31,4019409,37
11/28/2023 18:32,4007848,26
11/28/2023 18:32,4015999,3
11/28/2023 18:32,4019409,37
11/28/2023 18:33,4007848,26
11/28/2023 18:33,4015999,12
11/28/2023 18:33,4019409,37
11/28/2023 18:34,4007848,25
11/28/2023 18:34,4015999,19
11/28/2023 18:34,4019409,34
11/28/2023 18:35,4007848,25
11/28/2023 18:35,4015999,20
11/28/2023 18:35,4019409,34
11/28/2023 18:36,4007848,21
11/28/2023 18:36,4015999,20
11/28/2023 18:36,4019409,37
11/28/2023 18:37,4007848,21
11/28/2023 18:37,4015999,20
11/28/2023 18:37,4019409,23
11/28/2023 18:38,4007848,21
11/28/2023 18:38,4015999,20
11/28/2023 18:38,4019409,27
11/28/2023 18:39,4007848,4
11/28/2023 18:39,4015999,20
11/28/2023 18:39,4019409,27
11/28/2023 18:40,4007848,2
11/28/2023 18:40,4015999,19
11/28/2023 18:40,4019409,41
11/28/2023 18:41,4007848,4
11/28/2023 18:41,4015999,19
11/28/2023 18:41,4019409,46
11/28/2023 18:42,4007848,5
11/28/2023 18:42,4015999,0
11/28/2023 18:42,4019409,41
11/28/2023 18:43,4007848,4
11/28/2023 18:43,4015999,6
11/28/2023 18:43,4019409,46
11/28/2023 18:44,4007848,5
11/28/2023 18:44,4015999,8
11/28/2023 18:44,4019409,46
11/28/2023 18:45,4007848,3
11/28/2023 18:45,4015999,8
11/28/2023 18:45,4019409,44
11/28/2023 18:46,4007848,3
11/28/2023 18:46,4015999,7
11/28/2023 18:46,4019409,44
11/28/2023 18:47,4007848,3
11/28/2023 18:47,4015999,8
11/28/2023 18:47,4019409,44
11/28/2023 18:48,4007848,4
11/28/2023 18:48,4015999,7
11/28/2023 18:48,4019409,24
11/28/2023 18:49,4007848,4
11/28/2023 18:49,4015999,7
11/28/2023 18:49,4019409,24
11/28/2023 18:50,4007848,21
11/28/2023 18:50,4015999,8
11/28/2023 18:50,4019409,27
11/28/2023 18:51,4007848,36
11/28/2023 18:51,4015999,0
11/28/2023 18:51,4019409,31
11/28/2023 18:52,4007848,36
11/28/2023 18:52,4014043,3
11/28/2023 18:52,4015999,2
11/28/2023 18:52,4019409,37
11/28/2023 18:53,4007848,37
11/28/2023 18:53,4014043,3
11/28/2023 18:53,4015999,5
11/28/2023 18:53,4019409,37
11/28/2023 18:54,4007848,37
11/28/2023 18:54,4014043,3
11/28/2023 18:54,4015999,7
11/28/2023 18:54,4019409,37
11/28/2023 18:55,4007848,38
11/28/2023 18:55,4014043,3
11/28/2023 18:55,4015999,7
11/28/2023 18:55,4019409,31
11/28/2023 18:56,4007848,34
11/28/2023 18:56,4014043,3
11/28/2023 18:56,4015999,7
11/28/2023 18:56,4019409,24
11/28/2023 18:57,4007848,32
11/28/2023 18:57,4014043,3
11/28/2023 18:57,4015999,7
11/28/2023 18:57,4019409,24
11/28/2023 18:58,4007848,32
11/28/2023 18:58,4014043,3
11/28/2023 18:58,4015999,6
11/28/2023 18:58,4019409,24
11/28/2023 18:59,4007848,1
11/28/2023 18:59,4014043,3
11/28/2023 18:59,4015999,6
11/28/2023 18:59,4019409,40
11/28/2023 19:00,4007848,19
11/28/2023 19:00,4014043,3
11/28/2023 19:00,4015999,6
11/28/2023 19:00,4019409,46
11/28/2023 19:01,4007848,19
11/28/2023 19:01,4014043,7
11/28/2023 19:01,4015999,0
11/28/2023 19:01,4019409,44
11/28/2023 19:02,4007848,19
11/28/2023 19:02,4014043,10
11/28/2023 19:02,4015999,0
11/28/2023 19:02,4019409,44
11/28/2023 19:03,4007848,19
11/28/2023 19:03,4014043,16
11/28/2023 19:03,4015999,0
11/28/2023 19:03,4019409,44
11/28/2023 19:04,4007848,21
11/28/2023 19:04,4014043,17
11/28/2023 19:04,4019409,44
11/28/2023 19:05,4007848,19
11/28/2023 19:05,4014043,28
11/28/2023 19:05,4019409,46
11/28/2023 19:06,4007848,21
11/28/2023 19:06,4014043,29
11/28/2023 19:06,4019409,29
11/28/2023 19:07,4007848,8
11/28/2023 19:07,4014043,29
11/28/2023 19:07,4019409,13
11/28/2023 19:08,4007848,16
11/28/2023 19:08,4014043,29
11/28/2023 19:08,4019409,14
11/28/2023 19:09,4007848,26
11/28/2023 19:09,4014043,29
11/28/2023 19:09,4019409,13
11/28/2023 19:10,4007848,28
11/28/2023 19:10,4014043,28
11/28/2023 19:10,4019409,21
11/28/2023 19:11,4007848,28
11/28/2023 19:11,4014043,35
11/28/2023 19:12,4007848,30
11/28/2023 19:12,4014043,35
11/28/2023 19:13,4007848,27
11/28/2023 19:13,4014043,29
11/28/2023 19:14,4007848,28
11/28/2023 19:14,4014043,26
11/28/2023 19:15,4007848,27
11/28/2023 19:15,4014043,31
11/28/2023 19:16,4007848,29
11/28/2023 19:16,4014043,31
11/28/2023 19:18,4007848,29
11/28/2023 19:18,4014043,31
11/28/2023 19:19,4007848,27
11/28/2023 19:19,4014043,31
11/28/2023 19:20,4007848,4
11/28/2023 19:20,4014043,31
11/28/2023 19:21,4007848,4
11/28/2023 19:21,4014043,30
11/28/2023 19:22,4007848,8
11/28/2023 19:22,4014043,26
11/28/2023 19:23,4007848,10
11/28/2023 19:23,4014043,30
11/28/2023 19:24,4007848,10
11/28/2023 19:24,4014043,30
11/28/2023 19:25,4007848,13
11/28/2023 19:25,4014043,30
11/28/2023 19:26,4007848,13
11/28/2023 19:26,4014043,36
11/28/2023 19:27,4007848,11
11/28/2023 19:27,4014043,55
11/28/2023 19:28,4007848,11
11/28/2023 19:28,4014043,54
11/28/2023 19:29,4007848,12
11/28/2023 19:29,4014043,54
11/28/2023 19:30,4007848,15
11/28/2023 19:30,4014043,55
11/28/2023 19:31,4007848,15
11/28/2023 19:31,4014043,55
11/28/2023 19:32,4007848,29
11/28/2023 19:32,4014043,56
11/28/2023 19:33,4007848,38
11/28/2023 19:33,4014043,54
11/28/2023 19:34,4007848,39
11/28/2023 19:34,4014043,54
11/28/2023 19:35,4007848,46
11/28/2023 19:35,4014043,54
11/28/2023 19:36,4007848,43
11/28/2023 19:36,4014043,57
11/28/2023 19:37,4007848,46
11/28/2023 19:37,4014043,55
11/28/2023 19:38,4007848,49
11/28/2023 19:38,4014043,57
11/28/2023 19:39,4007848,46
11/28/2023 19:39,4014043,56
11/28/2023 19:40,4007848,53
11/28/2023 19:40,4014043,60
11/28/2023 19:41,4007848,53
11/28/2023 19:41,4014043,59
11/28/2023 19:42,4007848,51
11/28/2023 19:42,4014043,62
11/28/2023 19:43,4007848,51
11/28/2023 19:43,4014043,61
11/28/2023 19:44,4007848,51
11/28/2023 19:44,4014043,64
11/28/2023 19:45,4007848,14
11/28/2023 19:45,4014043,61
11/28/2023 19:46,4007848,17
11/28/2023 19:46,4014043,68
11/28/2023 19:47,4007848,16
11/28/2023 19:47,4014043,65
11/28/2023 19:48,4007848,16
11/28/2023 19:48,4014043,65
11/28/2023 19:49,4007848,16
11/28/2023 19:49,4014043,65
11/28/2023 19:50,4007848,6
11/28/2023 19:50,4014043,65
11/28/2023 19:51,4007848,14
11/28/2023 19:51,4014043,64
11/28/2023 19:52,4007848,15
11/28/2023 19:52,4014043,64
11/28/2023 19:53,4007848,15
11/28/2023 19:53,4014043,64
11/28/2023 19:54,4007848,8
11/28/2023 19:54,4014043,60
11/28/2023 19:55,4007848,30
11/28/2023 19:55,4014043,60
11/28/2023 19:56,4007848,29
11/28/2023 19:56,4014043,60
11/28/2023 19:57,4007848,33
11/28/2023 19:57,4014043,60
11/28/2023 19:58,4007848,36
11/28/2023 19:58,4014043,60
11/28/2023 19:59,4007848,36
11/28/2023 19:59,4014043,60
11/28/2023 20:00,4007848,37
11/28/2023 20:00,4014043,60
11/28/2023 20:01,4007848,41
11/28/2023 20:01,4014043,64
11/28/2023 20:02,4007848,43
11/28/2023 20:02,4014043,66
11/28/2023 20:03,4007848,43
11/28/2023 20:03,4014043,65
11/28/2023 20:04,4007848,35
11/28/2023 20:04,4014043,64
11/28/2023 20:05,4007848,35
11/28/2023 20:05,4014043,68
11/28/2023 20:06,4007848,2
11/28/2023 20:06,4014043,62
11/28/2023 20:07,4007848,11
11/28/2023 20:07,4014043,64
11/28/2023 20:08,4007848,12
11/28/2023 20:08,4014043,61
11/28/2023 20:09,4007848,5
11/28/2023 20:09,4014043,61
11/28/2023 20:10,4007848,5
11/28/2023 20:10,4014043,60
11/28/2023 20:11,4007848,16
11/28/2023 20:11,4014043,60
11/28/2023 20:12,4007848,15
11/28/2023 20:12,4014043,60
11/28/2023 20:13,4007848,16
11/28/2023 20:13,4014043,56
11/28/2023 20:14,4007848,10
11/28/2023 20:14,4014043,56
11/28/2023 20:15,4007848,16
11/28/2023 20:15,4014043,56
11/28/2023 20:16,4007848,22
11/28/2023 20:16,4014043,56
11/28/2023 20:17,4007848,22
11/28/2023 20:17,4014043,56
11/28/2023 20:18,4007848,29
11/28/2023 20:18,4014043,56
11/28/2023 20:19,4007848,28
11/28/2023 20:19,4014043,56
11/28/2023 20:20,4007848,21
11/28/2023 20:20,4014043,54
11/28/2023 20:21,4007848,21
11/28/2023 20:21,4014043,68
11/28/2023 20:22,4007848,18
11/28/2023 20:22,4014043,69
11/28/2023 21:25,4007848,7
11/28/2023 21:25,4014043,57
11/28/2023 21:26,4007848,7
11/28/2023 21:26,4014043,57
11/28/2023 21:27,4007848,7
11/28/2023 21:27,4014043,57
11/28/2023 21:28,4007848,7
11/28/2023 21:28,4014043,53
11/28/2023 21:30,4007848,6
11/28/2023 21:30,4014043,42
11/28/2023 21:31,4007848,6
11/28/2023 21:31,4014043,42
11/28/2023 21:32,4007848,7
11/28/2023 21:32,4014043,42
11/28/2023 21:33,4007848,7
11/28/2023 21:33,4014043,42
11/28/2023 21:34,4007848,7
11/28/2023 21:34,4014043,42
11/28/2023 21:35,4007848,5
11/28/2023 21:35,4014043,42
11/28/2023 21:36,4007848,4
11/28/2023 21:36,4014043,42
11/28/2023 21:37,4007848,4
11/28/2023 21:37,4014043,45
11/28/2023 21:38,4007848,4
11/28/2023 21:38,4014043,45
11/28/2023 21:39,4007848,4
11/28/2023 21:39,4014043,34
11/28/2023 21:40,4007848,4
11/28/2023 21:40,4014043,35
11/28/2023 21:41,4007848,4
11/28/2023 21:41,4014043,35
11/28/2023 21:42,4007848,4
11/28/2023 21:42,4014043,35
11/28/2023 21:43,4007848,4
11/28/2023 21:43,4014043,35
11/28/2023 21:44,4007848,6
11/28/2023 21:44,4014043,31
11/28/2023 21:45,4007848,7
11/28/2023 21:45,4014043,31
11/28/2023 21:46,4007848,7
11/28/2023 21:46,4014043,31
11/28/2023 21:47,4007848,7
11/28/2023 21:47,4014043,31
11/28/2023 21:48,4007848,7
11/28/2023 21:48,4014043,31
11/28/2023 21:49,4007848,7
11/28/2023 21:49,4014043,29
11/28/2023 21:50,4007848,12
11/28/2023 21:50,4014043,29
11/28/2023 21:51,4007848,12
11/28/2023 21:51,4014043,29
11/28/2023 21:52,4007848,13
11/28/2023 21:52,4014043,26
11/28/2023 21:53,4007848,13
11/28/2023 21:53,4014043,26
11/28/2023 21:54,4007848,12
11/28/2023 21:54,4014043,24
11/28/2023 21:55,4007848,12
11/28/2023 21:55,4014043,24
11/28/2023 21:56,4007848,12
11/28/2023 21:56,4014043,24
11/28/2023 21:57,4007848,13
11/28/2023 21:57,4014043,24
11/28/2023 21:58,4007848,13
11/28/2023 21:58,4014043,11
11/28/2023 21:59,4007848,13
11/28/2023 21:59,4014043,6
11/28/2023 22:00,4007848,5
11/28/2023 22:00,4014043,6
11/28/2023 22:01,4007848,5
11/28/2023 22:01,4014043,6
11/28/2023 22:02,4007848,5
11/28/2023 22:02,4014043,6
11/28/2023 22:03,4007848,5
11/28/2023 22:03,4014043,6
11/28/2023 22:04,4007848,6
11/28/2023 22:04,4014043,6
11/28/2023 22:05,4007848,6
11/28/2023 22:05,4014043,5
11/28/2023 22:06,4007848,6
11/28/2023 22:06,4014043,5
11/28/2023 22:07,4007848,6
11/28/2023 22:07,4014043,5
11/28/2023 22:08,4007848,6
11/28/2023 22:08,4014043,1
11/28/2023 22:09,4007848,11
11/28/2023 22:09,4014043,0
11/28/2023 22:10,4007848,11
11/28/2023 22:10,4014043,0
11/28/2023 22:11,4007848,13
11/28/2023 22:11,4014043,1
11/28/2023 22:12,4007848,13
11/28/2023 22:12,4014043,1
11/28/2023 22:13,4007848,13
11/28/2023 22:13,4014043,5
11/28/2023 22:14,4007848,17
11/28/2023 22:14,4014043,16
11/28/2023 22:15,4007848,17
11/28/2023 22:15,4014043,15
11/28/2023 22:16,4007848,15
11/28/2023 22:16,4014043,15
11/28/2023 22:17,4007848,16
11/28/2023 22:17,4014043,15
11/28/2023 22:18,4007848,16
11/28/2023 22:18,4014043,16
11/28/2023 22:19,4007848,16
11/28/2023 22:19,4014043,16
11/28/2023 22:20,4007848,4
11/28/2023 22:20,4014043,15
11/28/2023 22:21,4007848,5
11/28/2023 22:21,4014043,15
11/28/2023 22:22,4007848,7
11/28/2023 22:22,4014043,15
11/28/2023 22:23,4007848,5
11/28/2023 22:23,4014043,15
11/28/2023 22:24,4007848,5
11/28/2023 22:24,4014043,15
11/28/2023 22:25,4007848,5
11/28/2023 22:25,4014043,15
11/28/2023 22:26,4007848,7
11/28/2023 22:26,4014043,16